MarketDate,Name,MarketPrice,NewPrices
02/01/2015,Safaricom Ltd Ord 0.05,14.15,14.05
05/01/2015,Safaricom Ltd Ord 0.05,14.05,13.9
06/01/2015,Safaricom Ltd Ord 0.05,13.9,13.9
07/01/2015,Safaricom Ltd Ord 0.05,13.9,13.75
08/01/2015,Safaricom Ltd Ord 0.05,13.75,13.75
09/01/2015,Safaricom Ltd Ord 0.05,13.75,13.85
12/01/2015,Safaricom Ltd Ord 0.05,13.85,14.7
13/01/2015,Safaricom Ltd Ord 0.05,14.7,14.85
14/01/2015,Safaricom Ltd Ord 0.05,14.85,14.6
15/01/2015,Safaricom Ltd Ord 0.05,14.6,14.85
16/01/2015,Safaricom Ltd Ord 0.05,14.85,14.55
19/01/2015,Safaricom Ltd Ord 0.05,14.55,13.95
20/01/2015,Safaricom Ltd Ord 0.05,13.95,14.2
21/01/2015,Safaricom Ltd Ord 0.05,14.2,14.2
22/01/2015,Safaricom Ltd Ord 0.05,14.2,14.15
23/01/2015,Safaricom Ltd Ord 0.05,14.15,14
26/01/2015,Safaricom Ltd Ord 0.05,14,14.1
27/01/2015,Safaricom Ltd Ord 0.05,14.1,14.15
28/01/2015,Safaricom Ltd Ord 0.05,14.15,14.1
29/01/2015,Safaricom Ltd Ord 0.05,14.1,14.15
30/01/2015,Safaricom Ltd Ord 0.05,14.15,14.25
02/02/2015,Safaricom Ltd Ord 0.05,14.25,14.3
03/02/2015,Safaricom Ltd Ord 0.05,14.3,14.45
04/02/2015,Safaricom Ltd Ord 0.05,14.45,14.55
05/02/2015,Safaricom Ltd Ord 0.05,14.55,14.55
06/02/2015,Safaricom Ltd Ord 0.05,14.55,14.8
09/02/2015,Safaricom Ltd Ord 0.05,14.8,14.8
10/02/2015,Safaricom Ltd Ord 0.05,14.8,14.85
11/02/2015,Safaricom Ltd Ord 0.05,14.85,14.75
12/02/2015,Safaricom Ltd Ord 0.05,14.75,14.85
13/02/2015,Safaricom Ltd Ord 0.05,14.85,14.85
16/02/2015,Safaricom Ltd Ord 0.05,14.85,14.85
17/02/2015,Safaricom Ltd Ord 0.05,14.85,14.95
18/02/2015,Safaricom Ltd Ord 0.05,14.95,15.15
19/02/2015,Safaricom Ltd Ord 0.05,15.15,15.35
20/02/2015,Safaricom Ltd Ord 0.05,15.35,15.45
23/02/2015,Safaricom Ltd Ord 0.05,15.45,15.7
24/02/2015,Safaricom Ltd Ord 0.05,15.7,15.9
25/02/2015,Safaricom Ltd Ord 0.05,15.9,15.75
26/02/2015,Safaricom Ltd Ord 0.05,15.75,15.8
27/02/2015,Safaricom Ltd Ord 0.05,15.8,15.65
02/03/2015,Safaricom Ltd Ord 0.05,15.65,15.4
03/03/2015,Safaricom Ltd Ord 0.05,15.4,15.45
04/03/2015,Safaricom Ltd Ord 0.05,15.45,15.7
05/03/2015,Safaricom Ltd Ord 0.05,15.7,15.8
06/03/2015,Safaricom Ltd Ord 0.05,15.8,15.55
09/03/2015,Safaricom Ltd Ord 0.05,15.55,15.85
11/03/2015,Safaricom Ltd Ord 0.05,15.85,15.95
12/03/2015,Safaricom Ltd Ord 0.05,15.95,15.8
13/03/2015,Safaricom Ltd Ord 0.05,15.8,15.65
16/03/2015,Safaricom Ltd Ord 0.05,15.65,15.6
17/03/2015,Safaricom Ltd Ord 0.05,15.6,15.75
18/03/2015,Safaricom Ltd Ord 0.05,15.75,15.9
19/03/2015,Safaricom Ltd Ord 0.05,15.9,15.85
20/03/2015,Safaricom Ltd Ord 0.05,15.85,15.9
23/03/2015,Safaricom Ltd Ord 0.05,15.9,16
24/03/2015,Safaricom Ltd Ord 0.05,16,16.1
25/03/2015,Safaricom Ltd Ord 0.05,16.1,16.45
26/03/2015,Safaricom Ltd Ord 0.05,16.45,16.6
27/03/2015,Safaricom Ltd Ord 0.05,16.6,16.7
30/03/2015,Safaricom Ltd Ord 0.05,16.7,17.05
31/03/2015,Safaricom Ltd Ord 0.05,17.05,17
01/04/2015,Safaricom Ltd Ord 0.05,17,16.6
02/04/2015,Safaricom Ltd Ord 0.05,16.6,15.9
07/04/2015,Safaricom Ltd Ord 0.05,15.9,15.95
08/04/2015,Safaricom Ltd Ord 0.05,15.95,16.35
09/04/2015,Safaricom Ltd Ord 0.05,16.35,15.9
10/04/2015,Safaricom Ltd Ord 0.05,15.9,16
13/04/2015,Safaricom Ltd Ord 0.05,16,16.1
14/04/2015,Safaricom Ltd Ord 0.05,16.1,16.3
15/04/2015,Safaricom Ltd Ord 0.05,16.3,16.75
16/04/2015,Safaricom Ltd Ord 0.05,16.75,17.2
17/04/2015,Safaricom Ltd Ord 0.05,17.2,17.25
20/04/2015,Safaricom Ltd Ord 0.05,17.25,17.2
21/04/2015,Safaricom Ltd Ord 0.05,17.2,17.05
22/04/2015,Safaricom Ltd Ord 0.05,17.05,17.2
23/04/2015,Safaricom Ltd Ord 0.05,17.2,17.3
24/04/2015,Safaricom Ltd Ord 0.05,17.3,17.1
27/04/2015,Safaricom Ltd Ord 0.05,17.1,17.2
28/04/2015,Safaricom Ltd Ord 0.05,17.2,17.3
29/04/2015,Safaricom Ltd Ord 0.05,17.3,17.4
30/04/2015,Safaricom Ltd Ord 0.05,17.4,17.45
04/05/2015,Safaricom Ltd Ord 0.05,17.45,17.5
05/05/2015,Safaricom Ltd Ord 0.05,17.5,17.55
06/05/2015,Safaricom Ltd Ord 0.05,17.55,17.15
07/05/2015,Safaricom Ltd Ord 0.05,17.15,17.05
08/05/2015,Safaricom Ltd Ord 0.05,17.05,16.9
11/05/2015,Safaricom Ltd Ord 0.05,16.9,16.65
12/05/2015,Safaricom Ltd Ord 0.05,16.65,16.1
13/05/2015,Safaricom Ltd Ord 0.05,16.1,16.35
14/05/2015,Safaricom Ltd Ord 0.05,16.35,16.35
15/05/2015,Safaricom Ltd Ord 0.05,16.35,16.5
18/05/2015,Safaricom Ltd Ord 0.05,16.5,16.6
19/05/2015,Safaricom Ltd Ord 0.05,16.6,16.45
20/05/2015,Safaricom Ltd Ord 0.05,16.45,16.3
21/05/2015,Safaricom Ltd Ord 0.05,16.3,16.2
22/05/2015,Safaricom Ltd Ord 0.05,16.2,16
25/05/2015,Safaricom Ltd Ord 0.05,16,15.2
27/05/2015,Safaricom Ltd Ord 0.05,15.2,15.55
28/05/2015,Safaricom Ltd Ord 0.05,15.55,15.85
29/05/2015,Safaricom Ltd Ord 0.05,15.85,16.5
02/06/2015,Safaricom Ltd Ord 0.05,16.5,16.4
03/06/2015,Safaricom Ltd Ord 0.05,16.4,16.45
04/06/2015,Safaricom Ltd Ord 0.05,16.45,16.35
05/06/2015,Safaricom Ltd Ord 0.05,16.35,16.1
08/06/2015,Safaricom Ltd Ord 0.05,16.1,16.05
09/06/2015,Safaricom Ltd Ord 0.05,16.05,16.05
10/06/2015,Safaricom Ltd Ord 0.05,16.05,16.05
11/06/2015,Safaricom Ltd Ord 0.05,16.05,16.05
12/06/2015,Safaricom Ltd Ord 0.05,16.05,16.1
15/06/2015,Safaricom Ltd Ord 0.05,16.1,16.1
16/06/2015,Safaricom Ltd Ord 0.05,16.1,16.05
17/06/2015,Safaricom Ltd Ord 0.05,16.05,16.05
18/06/2015,Safaricom Ltd Ord 0.05,16.05,16.05
19/06/2015,Safaricom Ltd Ord 0.05,16.05,16.35
22/06/2015,Safaricom Ltd Ord 0.05,16.35,16
23/06/2015,Safaricom Ltd Ord 0.05,16,16.05
24/06/2015,Safaricom Ltd Ord 0.05,16.05,16.1
25/06/2015,Safaricom Ltd Ord 0.05,16.1,16.1
26/06/2015,Safaricom Ltd Ord 0.05,16.1,16.3
29/06/2015,Safaricom Ltd Ord 0.05,16.3,16.45
30/06/2015,Safaricom Ltd Ord 0.05,16.45,16.5
01/07/2015,Safaricom Ltd Ord 0.05,16.5,16.45
02/07/2015,Safaricom Ltd Ord 0.05,16.45,16.35
03/07/2015,Safaricom Ltd Ord 0.05,16.35,16.35
06/07/2015,Safaricom Ltd Ord 0.05,16.35,16.35
07/07/2015,Safaricom Ltd Ord 0.05,16.35,16.15
08/07/2015,Safaricom Ltd Ord 0.05,16.15,16
10/07/2015,Safaricom Ltd Ord 0.05,16,15.85
13/07/2015,Safaricom Ltd Ord 0.05,15.85,15.75
14/07/2015,Safaricom Ltd Ord 0.05,15.75,15.7
15/07/2015,Safaricom Ltd Ord 0.05,15.7,15.25
16/07/2015,Safaricom Ltd Ord 0.05,15.25,15.15
17/07/2015,Safaricom Ltd Ord 0.05,15.15,15.3
20/07/2015,Safaricom Ltd Ord 0.05,15.3,15.5
21/07/2015,Safaricom Ltd Ord 0.05,15.5,15.55
22/07/2015,Safaricom Ltd Ord 0.05,15.55,15.45
23/07/2015,Safaricom Ltd Ord 0.05,15.45,15.3
24/07/2015,Safaricom Ltd Ord 0.05,15.3,15.45
27/07/2015,Safaricom Ltd Ord 0.05,15.45,15.45
28/07/2015,Safaricom Ltd Ord 0.05,15.45,15.2
29/07/2015,Safaricom Ltd Ord 0.05,15.2,14.95
30/07/2015,Safaricom Ltd Ord 0.05,14.95,14.4
31/07/2015,Safaricom Ltd Ord 0.05,14.4,14.15
03/08/2015,Safaricom Ltd Ord 0.05,14.15,14
04/08/2015,Safaricom Ltd Ord 0.05,14,13.95
05/08/2015,Safaricom Ltd Ord 0.05,13.95,13.9
06/08/2015,Safaricom Ltd Ord 0.05,13.9,14.55
07/08/2015,Safaricom Ltd Ord 0.05,14.55,15.35
10/08/2015,Safaricom Ltd Ord 0.05,15.35,15.5
11/08/2015,Safaricom Ltd Ord 0.05,15.5,15.6
12/08/2015,Safaricom Ltd Ord 0.05,15.6,15.45
13/08/2015,Safaricom Ltd Ord 0.05,15.45,15
14/08/2015,Safaricom Ltd Ord 0.05,15,14.9
17/08/2015,Safaricom Ltd Ord 0.05,14.9,14.85
18/08/2015,Safaricom Ltd Ord 0.05,14.85,15
19/08/2015,Safaricom Ltd Ord 0.05,15,15.1
20/08/2015,Safaricom Ltd Ord 0.05,15.1,15
21/08/2015,Safaricom Ltd Ord 0.05,15,14.35
24/08/2015,Safaricom Ltd Ord 0.05,14.35,13.95
25/08/2015,Safaricom Ltd Ord 0.05,13.95,13.45
26/08/2015,Safaricom Ltd Ord 0.05,13.45,13.5
27/08/2015,Safaricom Ltd Ord 0.05,13.5,14.15
28/08/2015,Safaricom Ltd Ord 0.05,14.15,14.4
31/08/2015,Safaricom Ltd Ord 0.05,14.4,14.6
01/09/2015,Safaricom Ltd Ord 0.05,14.6,14.6
02/09/2015,Safaricom Ltd Ord 0.05,14.6,15.2
03/09/2015,Safaricom Ltd Ord 0.05,15.2,14.85
04/09/2015,Safaricom Ltd Ord 0.05,14.85,14.6
07/09/2015,Safaricom Ltd Ord 0.05,14.6,14.6
08/09/2015,Safaricom Ltd Ord 0.05,14.6,14.4
09/09/2015,Safaricom Ltd Ord 0.05,14.4,14.4
10/09/2015,Safaricom Ltd Ord 0.05,14.4,14.55
11/09/2015,Safaricom Ltd Ord 0.05,14.55,14.7
14/09/2015,Safaricom Ltd Ord 0.05,14.7,15.15
15/09/2015,Safaricom Ltd Ord 0.05,15.15,14.95
16/09/2015,Safaricom Ltd Ord 0.05,14.95,15
17/09/2015,Safaricom Ltd Ord 0.05,15,14.75
18/09/2015,Safaricom Ltd Ord 0.05,14.75,14.9
21/09/2015,Safaricom Ltd Ord 0.05,14.9,15
22/09/2015,Safaricom Ltd Ord 0.05,15,15.1
23/09/2015,Safaricom Ltd Ord 0.05,15.1,15.15
24/09/2015,Safaricom Ltd Ord 0.05,15.15,15.15
25/09/2015,Safaricom Ltd Ord 0.05,15.15,15.2
28/09/2015,Safaricom Ltd Ord 0.05,15.2,15.15
29/09/2015,Safaricom Ltd Ord 0.05,15.15,15.2
30/09/2015,Safaricom Ltd Ord 0.05,15.2,14.95
01/10/2015,Safaricom Ltd Ord 0.05,14.95,14.45
02/10/2015,Safaricom Ltd Ord 0.05,14.45,14.65
05/10/2015,Safaricom Ltd Ord 0.05,14.65,14.65
06/10/2015,Safaricom Ltd Ord 0.05,14.65,14.65
07/10/2015,Safaricom Ltd Ord 0.05,14.65,14.7
08/10/2015,Safaricom Ltd Ord 0.05,14.7,14.8
09/10/2015,Safaricom Ltd Ord 0.05,14.8,14.95
12/10/2015,Safaricom Ltd Ord 0.05,14.95,15
13/10/2015,Safaricom Ltd Ord 0.05,15,14.7
14/10/2015,Safaricom Ltd Ord 0.05,14.7,14.4
15/10/2015,Safaricom Ltd Ord 0.05,14.4,14.55
16/10/2015,Safaricom Ltd Ord 0.05,14.55,14.75
19/10/2015,Safaricom Ltd Ord 0.05,14.75,15
21/10/2015,Safaricom Ltd Ord 0.05,15,14.95
22/10/2015,Safaricom Ltd Ord 0.05,14.95,14.95
23/10/2015,Safaricom Ltd Ord 0.05,14.95,14.5
26/10/2015,Safaricom Ltd Ord 0.05,14.5,14.5
27/10/2015,Safaricom Ltd Ord 0.05,14.5,14.55
28/10/2015,Safaricom Ltd Ord 0.05,14.55,14.4
29/10/2015,Safaricom Ltd Ord 0.05,14.4,14.35
30/10/2015,Safaricom Ltd Ord 0.05,14.35,14.35
02/11/2015,Safaricom Ltd Ord 0.05,14.35,14.45
03/11/2015,Safaricom Ltd Ord 0.05,14.45,14.3
04/11/2015,Safaricom Ltd Ord 0.05,14.3,14.95
05/11/2015,Safaricom Ltd Ord 0.05,14.95,14.95
06/11/2015,Safaricom Ltd Ord 0.05,14.95,15.05
09/11/2015,Safaricom Ltd Ord 0.05,15.05,15.45
10/11/2015,Safaricom Ltd Ord 0.05,15.45,15.85
11/11/2015,Safaricom Ltd Ord 0.05,15.85,16.05
12/11/2015,Safaricom Ltd Ord 0.05,16.05,16
13/11/2015,Safaricom Ltd Ord 0.05,16,16.05
16/11/2015,Safaricom Ltd Ord 0.05,16.05,16.15
17/11/2015,Safaricom Ltd Ord 0.05,16.15,16.25
18/11/2015,Safaricom Ltd Ord 0.05,16.25,16.5
19/11/2015,Safaricom Ltd Ord 0.05,16.5,16.65
20/11/2015,Safaricom Ltd Ord 0.05,16.65,16.75
23/11/2015,Safaricom Ltd Ord 0.05,16.75,16.25
24/11/2015,Safaricom Ltd Ord 0.05,16.25,16.05
25/11/2015,Safaricom Ltd Ord 0.05,16.05,15.35
27/11/2015,Safaricom Ltd Ord 0.05,15.35,15.55
30/11/2015,Safaricom Ltd Ord 0.05,15.55,15.65
01/12/2015,Safaricom Ltd Ord 0.05,15.65,15.85
02/12/2015,Safaricom Ltd Ord 0.05,15.85,15.7
03/12/2015,Safaricom Ltd Ord 0.05,15.7,15.55
04/12/2015,Safaricom Ltd Ord 0.05,15.55,15.7
07/12/2015,Safaricom Ltd Ord 0.05,15.7,15.95
08/12/2015,Safaricom Ltd Ord 0.05,15.95,16.1
09/12/2015,Safaricom Ltd Ord 0.05,16.1,16.15
10/12/2015,Safaricom Ltd Ord 0.05,16.15,16.25
11/12/2015,Safaricom Ltd Ord 0.05,16.25,16.4
14/12/2015,Safaricom Ltd Ord 0.05,16.4,16.4
15/12/2015,Safaricom Ltd Ord 0.05,16.4,16.7
16/12/2015,Safaricom Ltd Ord 0.05,16.7,16.6
17/12/2015,Safaricom Ltd Ord 0.05,16.6,16.7
18/12/2015,Safaricom Ltd Ord 0.05,16.7,16.7
21/12/2015,Safaricom Ltd Ord 0.05,16.7,16.7
22/12/2015,Safaricom Ltd Ord 0.05,16.7,16.1
23/12/2015,Safaricom Ltd Ord 0.05,16.1,15.9
24/12/2015,Safaricom Ltd Ord 0.05,15.9,15.9
28/12/2015,Safaricom Ltd Ord 0.05,15.9,16.1
29/12/2015,Safaricom Ltd Ord 0.05,16.1,16.25
30/12/2015,Safaricom Ltd Ord 0.05,16.25,16.1
31/12/2015,Safaricom Ltd Ord 0.05,16.1,16.35
04/01/2016,Safaricom Ltd Ord 0.05,16.35,16.35
05/01/2016,Safaricom Ltd Ord 0.05,16.35,16.6
06/01/2016,Safaricom Ltd Ord 0.05,16.6,16.5
07/01/2016,Safaricom Ltd Ord 0.05,16.5,16.4
08/01/2016,Safaricom Ltd Ord 0.05,16.4,16.25
11/01/2016,Safaricom Ltd Ord 0.05,16.25,16
12/01/2016,Safaricom Ltd Ord 0.05,16,16.1
13/01/2016,Safaricom Ltd Ord 0.05,16.1,16.05
14/01/2016,Safaricom Ltd Ord 0.05,16.05,16.1
15/01/2016,Safaricom Ltd Ord 0.05,16.1,16.1
18/01/2016,Safaricom Ltd Ord 0.05,16.1,16.1
19/01/2016,Safaricom Ltd Ord 0.05,16.1,15.75
20/01/2016,Safaricom Ltd Ord 0.05,15.75,15.25
21/01/2016,Safaricom Ltd Ord 0.05,15.25,15.1
22/01/2016,Safaricom Ltd Ord 0.05,15.1,15.25
25/01/2016,Safaricom Ltd Ord 0.05,15.25,15.25
26/01/2016,Safaricom Ltd Ord 0.05,15.25,15.15
27/01/2016,Safaricom Ltd Ord 0.05,15.15,15.15
28/01/2016,Safaricom Ltd Ord 0.05,15.15,15.15
29/01/2016,Safaricom Ltd Ord 0.05,15.15,15.55
01/02/2016,Safaricom Ltd Ord 0.05,15.55,16
02/02/2016,Safaricom Ltd Ord 0.05,16,16.7
03/02/2016,Safaricom Ltd Ord 0.05,16.7,16.25
04/02/2016,Safaricom Ltd Ord 0.05,16.25,16.2
05/02/2016,Safaricom Ltd Ord 0.05,16.2,16.15
08/02/2016,Safaricom Ltd Ord 0.05,16.15,16
09/02/2016,Safaricom Ltd Ord 0.05,16,15.75
10/02/2016,Safaricom Ltd Ord 0.05,15.75,15.65
11/02/2016,Safaricom Ltd Ord 0.05,15.65,15.8
12/02/2016,Safaricom Ltd Ord 0.05,15.8,15.75
15/02/2016,Safaricom Ltd Ord 0.05,15.75,15.7
16/02/2016,Safaricom Ltd Ord 0.05,15.7,15.55
17/02/2016,Safaricom Ltd Ord 0.05,15.55,15.6
18/02/2016,Safaricom Ltd Ord 0.05,15.6,15.85
19/02/2016,Safaricom Ltd Ord 0.05,15.85,15.7
22/02/2016,Safaricom Ltd Ord 0.05,15.7,15.95
23/02/2016,Safaricom Ltd Ord 0.05,15.95,16
24/02/2016,Safaricom Ltd Ord 0.05,16,16.05
25/02/2016,Safaricom Ltd Ord 0.05,16.05,16.1
26/02/2016,Safaricom Ltd Ord 0.05,16.1,16.2
29/02/2016,Safaricom Ltd Ord 0.05,16.2,16.15
01/03/2016,Safaricom Ltd Ord 0.05,16.15,16.55
02/03/2016,Safaricom Ltd Ord 0.05,16.55,16.9
03/03/2016,Safaricom Ltd Ord 0.05,16.9,17
04/03/2016,Safaricom Ltd Ord 0.05,17,17
07/03/2016,Safaricom Ltd Ord 0.05,17,16.5
08/03/2016,Safaricom Ltd Ord 0.05,16.5,16.45
09/03/2016,Safaricom Ltd Ord 0.05,16.45,16.25
10/03/2016,Safaricom Ltd Ord 0.05,16.25,16.3
11/03/2016,Safaricom Ltd Ord 0.05,16.3,16.45
14/03/2016,Safaricom Ltd Ord 0.05,16.45,16.35
15/03/2016,Safaricom Ltd Ord 0.05,16.35,16.4
16/03/2016,Safaricom Ltd Ord 0.05,16.4,16.5
17/03/2016,Safaricom Ltd Ord 0.05,16.5,16.5
18/03/2016,Safaricom Ltd Ord 0.05,16.5,16.45
21/03/2016,Safaricom Ltd Ord 0.05,16.45,16.75
22/03/2016,Safaricom Ltd Ord 0.05,16.75,16.85
23/03/2016,Safaricom Ltd Ord 0.05,16.85,16.9
24/03/2016,Safaricom Ltd Ord 0.05,16.9,16.8
29/03/2016,Safaricom Ltd Ord 0.05,16.8,16.7
30/03/2016,Safaricom Ltd Ord 0.05,16.7,16.9
31/03/2016,Safaricom Ltd Ord 0.05,16.9,16.8
04/04/2016,Safaricom Ltd Ord 0.05,16.8,16.8
05/04/2016,Safaricom Ltd Ord 0.05,16.8,16.75
06/04/2016,Safaricom Ltd Ord 0.05,16.75,16.75
07/04/2016,Safaricom Ltd Ord 0.05,16.75,16.75
08/04/2016,Safaricom Ltd Ord 0.05,16.75,16.7
11/04/2016,Safaricom Ltd Ord 0.05,16.7,16.7
12/04/2016,Safaricom Ltd Ord 0.05,16.7,16.75
13/04/2016,Safaricom Ltd Ord 0.05,16.75,16.95
14/04/2016,Safaricom Ltd Ord 0.05,16.95,17.1
15/04/2016,Safaricom Ltd Ord 0.05,17.1,17.2
18/04/2016,Safaricom Ltd Ord 0.05,17.2,17.3
19/04/2016,Safaricom Ltd Ord 0.05,17.3,17.45
20/04/2016,Safaricom Ltd Ord 0.05,17.45,17.4
21/04/2016,Safaricom Ltd Ord 0.05,17.4,16.95
25/04/2016,Safaricom Ltd Ord 0.05,16.95,16.95
26/04/2016,Safaricom Ltd Ord 0.05,16.95,16.95
27/04/2016,Safaricom Ltd Ord 0.05,16.95,17.1
28/04/2016,Safaricom Ltd Ord 0.05,17.1,17.1
29/04/2016,Safaricom Ltd Ord 0.05,17.1,16.95
03/05/2016,Safaricom Ltd Ord 0.05,16.95,16.9
04/05/2016,Safaricom Ltd Ord 0.05,16.9,16.9
05/05/2016,Safaricom Ltd Ord 0.05,16.9,16.9
06/05/2016,Safaricom Ltd Ord 0.05,16.9,16.9
09/05/2016,Safaricom Ltd Ord 0.05,16.9,16.95
10/05/2016,Safaricom Ltd Ord 0.05,16.95,17.1
11/05/2016,Safaricom Ltd Ord 0.05,17.1,17.25
12/05/2016,Safaricom Ltd Ord 0.05,17.25,17.3
13/05/2016,Safaricom Ltd Ord 0.05,17.3,17.35
16/05/2016,Safaricom Ltd Ord 0.05,17.35,17.15
17/05/2016,Safaricom Ltd Ord 0.05,17.15,17.15
18/05/2016,Safaricom Ltd Ord 0.05,17.15,17.3
19/05/2016,Safaricom Ltd Ord 0.05,17.3,17.35
20/05/2016,Safaricom Ltd Ord 0.05,17.35,17.2
23/05/2016,Safaricom Ltd Ord 0.05,17.2,17.35
24/05/2016,Safaricom Ltd Ord 0.05,17.35,17.25
25/05/2016,Safaricom Ltd Ord 0.05,17.25,17.25
26/05/2016,Safaricom Ltd Ord 0.05,17.25,17.1
27/05/2016,Safaricom Ltd Ord 0.05,17.1,17.05
30/05/2016,Safaricom Ltd Ord 0.05,17.05,17
31/05/2016,Safaricom Ltd Ord 0.05,17,17
02/06/2016,Safaricom Ltd Ord 0.05,17,16.95
03/06/2016,Safaricom Ltd Ord 0.05,16.95,17.15
06/06/2016,Safaricom Ltd Ord 0.05,17.15,17.5
07/06/2016,Safaricom Ltd Ord 0.05,17.5,17.9
08/06/2016,Safaricom Ltd Ord 0.05,17.9,18.25
09/06/2016,Safaricom Ltd Ord 0.05,18.25,18.25
10/06/2016,Safaricom Ltd Ord 0.05,18.25,18.15
13/06/2016,Safaricom Ltd Ord 0.05,18.15,18.1
14/06/2016,Safaricom Ltd Ord 0.05,18.1,18.3
15/06/2016,Safaricom Ltd Ord 0.05,18.3,18.6
16/06/2016,Safaricom Ltd Ord 0.05,18.6,18.7
17/06/2016,Safaricom Ltd Ord 0.05,18.7,18.7
20/06/2016,Safaricom Ltd Ord 0.05,18.7,18.4
21/06/2016,Safaricom Ltd Ord 0.05,18.4,18.05
22/06/2016,Safaricom Ltd Ord 0.05,18.05,17.9
23/06/2016,Safaricom Ltd Ord 0.05,17.9,17.45
24/06/2016,Safaricom Ltd Ord 0.05,17.45,17.3
27/06/2016,Safaricom Ltd Ord 0.05,17.3,17.15
28/06/2016,Safaricom Ltd Ord 0.05,17.15,17.1
29/06/2016,Safaricom Ltd Ord 0.05,17.1,17.75
30/06/2016,Safaricom Ltd Ord 0.05,17.75,17.55
01/07/2016,Safaricom Ltd Ord 0.05,17.55,17.45
04/07/2016,Safaricom Ltd Ord 0.05,17.45,17.35
05/07/2016,Safaricom Ltd Ord 0.05,17.35,17.55
06/07/2016,Safaricom Ltd Ord 0.05,17.55,17.55
08/07/2016,Safaricom Ltd Ord 0.05,17.55,17.45
11/07/2016,Safaricom Ltd Ord 0.05,17.45,17.3
12/07/2016,Safaricom Ltd Ord 0.05,17.3,17.35
13/07/2016,Safaricom Ltd Ord 0.05,17.35,17.35
15/07/2016,Safaricom Ltd Ord 0.05,17.35,17.25
18/07/2016,Safaricom Ltd Ord 0.05,17.25,17.65
19/07/2016,Safaricom Ltd Ord 0.05,17.65,18
20/07/2016,Safaricom Ltd Ord 0.05,18,18.1
21/07/2016,Safaricom Ltd Ord 0.05,18.1,18.05
22/07/2016,Safaricom Ltd Ord 0.05,18.05,18.1
25/07/2016,Safaricom Ltd Ord 0.05,18.1,18.85
26/07/2016,Safaricom Ltd Ord 0.05,18.85,18.85
27/07/2016,Safaricom Ltd Ord 0.05,18.85,18.9
28/07/2016,Safaricom Ltd Ord 0.05,18.9,19.05
29/07/2016,Safaricom Ltd Ord 0.05,19.05,19.4
01/08/2016,Safaricom Ltd Ord 0.05,19.4,20
02/08/2016,Safaricom Ltd Ord 0.05,20,20.25
03/08/2016,Safaricom Ltd Ord 0.05,20.25,19.65
04/08/2016,Safaricom Ltd Ord 0.05,19.65,19.8
05/08/2016,Safaricom Ltd Ord 0.05,19.8,19.7
08/08/2016,Safaricom Ltd Ord 0.05,19.7,19.75
09/08/2016,Safaricom Ltd Ord 0.05,19.75,19.9
10/08/2016,Safaricom Ltd Ord 0.05,19.9,19.9
11/08/2016,Safaricom Ltd Ord 0.05,19.9,20
12/08/2016,Safaricom Ltd Ord 0.05,20,20.25
15/08/2016,Safaricom Ltd Ord 0.05,20.25,21
16/08/2016,Safaricom Ltd Ord 0.05,21,21.25
17/08/2016,Safaricom Ltd Ord 0.05,21.25,21.25
18/08/2016,Safaricom Ltd Ord 0.05,21.25,21.25
19/08/2016,Safaricom Ltd Ord 0.05,21.25,20.75
22/08/2016,Safaricom Ltd Ord 0.05,20.75,21.25
23/08/2016,Safaricom Ltd Ord 0.05,21.25,21.25
24/08/2016,Safaricom Ltd Ord 0.05,21.25,20
25/08/2016,Safaricom Ltd Ord 0.05,20,19.65
26/08/2016,Safaricom Ltd Ord 0.05,19.65,20
29/08/2016,Safaricom Ltd Ord 0.05,20,20
30/08/2016,Safaricom Ltd Ord 0.05,20,20
31/08/2016,Safaricom Ltd Ord 0.05,20,20
01/09/2016,Safaricom Ltd Ord 0.05,20,19.95
02/09/2016,Safaricom Ltd Ord 0.05,19.95,18.4
05/09/2016,Safaricom Ltd Ord 0.05,18.4,18.85
06/09/2016,Safaricom Ltd Ord 0.05,18.85,19
07/09/2016,Safaricom Ltd Ord 0.05,19,19
08/09/2016,Safaricom Ltd Ord 0.05,19,19
09/09/2016,Safaricom Ltd Ord 0.05,19,19
13/09/2016,Safaricom Ltd Ord 0.05,19,18.9
14/09/2016,Safaricom Ltd Ord 0.05,18.9,18.9
15/09/2016,Safaricom Ltd Ord 0.05,18.9,18.9
16/09/2016,Safaricom Ltd Ord 0.05,18.9,19
19/09/2016,Safaricom Ltd Ord 0.05,19,19.15
20/09/2016,Safaricom Ltd Ord 0.05,19.15,19.35
21/09/2016,Safaricom Ltd Ord 0.05,19.35,19.4
22/09/2016,Safaricom Ltd Ord 0.05,19.4,19.4
23/09/2016,Safaricom Ltd Ord 0.05,19.4,19.5
26/09/2016,Safaricom Ltd Ord 0.05,19.5,19.7
27/09/2016,Safaricom Ltd Ord 0.05,19.7,19.95
28/09/2016,Safaricom Ltd Ord 0.05,19.95,19.85
29/09/2016,Safaricom Ltd Ord 0.05,19.85,19.95
30/09/2016,Safaricom Ltd Ord 0.05,19.95,20
03/10/2016,Safaricom Ltd Ord 0.05,20,20
04/10/2016,Safaricom Ltd Ord 0.05,20,20
05/10/2016,Safaricom Ltd Ord 0.05,20,19.95
06/10/2016,Safaricom Ltd Ord 0.05,19.95,20.25
07/10/2016,Safaricom Ltd Ord 0.05,20.25,20.25
10/10/2016,Safaricom Ltd Ord 0.05,20.25,20
11/10/2016,Safaricom Ltd Ord 0.05,20,19.9
12/10/2016,Safaricom Ltd Ord 0.05,19.9,19.95
13/10/2016,Safaricom Ltd Ord 0.05,19.95,19.95
14/10/2016,Safaricom Ltd Ord 0.05,19.95,19.85
17/10/2016,Safaricom Ltd Ord 0.05,19.85,19.75
18/10/2016,Safaricom Ltd Ord 0.05,19.75,19.7
19/10/2016,Safaricom Ltd Ord 0.05,19.7,19.7
21/10/2016,Safaricom Ltd Ord 0.05,19.7,20
24/10/2016,Safaricom Ltd Ord 0.05,20,20
25/10/2016,Safaricom Ltd Ord 0.05,20,20
26/10/2016,Safaricom Ltd Ord 0.05,20,19.95
27/10/2016,Safaricom Ltd Ord 0.05,19.95,19.9
28/10/2016,Safaricom Ltd Ord 0.05,19.9,19.85
31/10/2016,Safaricom Ltd Ord 0.05,19.85,20.25
01/11/2016,Safaricom Ltd Ord 0.05,20.25,20.75
02/11/2016,Safaricom Ltd Ord 0.05,20.75,21.25
03/11/2016,Safaricom Ltd Ord 0.05,21.25,21.25
04/11/2016,Safaricom Ltd Ord 0.05,21.25,21
07/11/2016,Safaricom Ltd Ord 0.05,21,20.75
08/11/2016,Safaricom Ltd Ord 0.05,20.75,20.25
09/11/2016,Safaricom Ltd Ord 0.05,20.25,20.75
10/11/2016,Safaricom Ltd Ord 0.05,20.75,20.75
11/11/2016,Safaricom Ltd Ord 0.05,20.75,20.25
14/11/2016,Safaricom Ltd Ord 0.05,20.25,20.25
15/11/2016,Safaricom Ltd Ord 0.05,20.25,20.5
16/11/2016,Safaricom Ltd Ord 0.05,20.5,20.5
17/11/2016,Safaricom Ltd Ord 0.05,20.5,20
18/11/2016,Safaricom Ltd Ord 0.05,20,20
21/11/2016,Safaricom Ltd Ord 0.05,20,19.95
22/11/2016,Safaricom Ltd Ord 0.05,19.95,20
23/11/2016,Safaricom Ltd Ord 0.05,20,19.95
24/11/2016,Safaricom Ltd Ord 0.05,19.95,19.9
25/11/2016,Safaricom Ltd Ord 0.05,19.9,19.85
28/11/2016,Safaricom Ltd Ord 0.05,19.85,19.85
29/11/2016,Safaricom Ltd Ord 0.05,19.85,19.9
30/11/2016,Safaricom Ltd Ord 0.05,19.9,20
01/12/2016,Safaricom Ltd Ord 0.05,20,19.95
02/12/2016,Safaricom Ltd Ord 0.05,19.95,19.9
05/12/2016,Safaricom Ltd Ord 0.05,19.9,19.8
06/12/2016,Safaricom Ltd Ord 0.05,19.8,19.7
07/12/2016,Safaricom Ltd Ord 0.05,19.7,19.35
08/12/2016,Safaricom Ltd Ord 0.05,19.35,19
09/12/2016,Safaricom Ltd Ord 0.05,19,18.9
13/12/2016,Safaricom Ltd Ord 0.05,18.9,18.9
14/12/2016,Safaricom Ltd Ord 0.05,18.9,18.75
15/12/2016,Safaricom Ltd Ord 0.05,18.75,18.75
16/12/2016,Safaricom Ltd Ord 0.05,18.75,19
19/12/2016,Safaricom Ltd Ord 0.05,19,19
20/12/2016,Safaricom Ltd Ord 0.05,19,19
21/12/2016,Safaricom Ltd Ord 0.05,19,19.45
22/12/2016,Safaricom Ltd Ord 0.05,19.45,19.5
23/12/2016,Safaricom Ltd Ord 0.05,19.5,19.25
28/12/2016,Safaricom Ltd Ord 0.05,19.25,19.05
29/12/2016,Safaricom Ltd Ord 0.05,19.05,19.15
30/12/2016,Safaricom Ltd Ord 0.05,19.15,19
03/01/2017,Safaricom Ltd Ord 0.05,19,19
04/01/2017,Safaricom Ltd Ord 0.05,19,18.8
05/01/2017,Safaricom Ltd Ord 0.05,18.8,18.6
06/01/2017,Safaricom Ltd Ord 0.05,18.6,18.5
09/01/2017,Safaricom Ltd Ord 0.05,18.5,18.2
10/01/2017,Safaricom Ltd Ord 0.05,18.2,18
11/01/2017,Safaricom Ltd Ord 0.05,18,17.95
12/01/2017,Safaricom Ltd Ord 0.05,17.95,17.95
13/01/2017,Safaricom Ltd Ord 0.05,17.95,17.95
16/01/2017,Safaricom Ltd Ord 0.05,17.95,17.95
17/01/2017,Safaricom Ltd Ord 0.05,17.95,18.05
18/01/2017,Safaricom Ltd Ord 0.05,18.05,18.15
19/01/2017,Safaricom Ltd Ord 0.05,18.15,18.15
20/01/2017,Safaricom Ltd Ord 0.05,18.15,18.2
23/01/2017,Safaricom Ltd Ord 0.05,18.2,18.2
24/01/2017,Safaricom Ltd Ord 0.05,18.2,18.2
25/01/2017,Safaricom Ltd Ord 0.05,18.2,18.25
26/01/2017,Safaricom Ltd Ord 0.05,18.25,18.4
27/01/2017,Safaricom Ltd Ord 0.05,18.4,18.35
30/01/2017,Safaricom Ltd Ord 0.05,18.35,18.5
31/01/2017,Safaricom Ltd Ord 0.05,18.5,18.55
01/02/2017,Safaricom Ltd Ord 0.05,18.55,18.55
02/02/2017,Safaricom Ltd Ord 0.05,18.55,18.65
03/02/2017,Safaricom Ltd Ord 0.05,18.65,18.9
06/02/2017,Safaricom Ltd Ord 0.05,18.9,18.65
07/02/2017,Safaricom Ltd Ord 0.05,18.65,18.4
08/02/2017,Safaricom Ltd Ord 0.05,18.4,18.45
09/02/2017,Safaricom Ltd Ord 0.05,18.45,18.5
10/02/2017,Safaricom Ltd Ord 0.05,18.5,18.4
13/02/2017,Safaricom Ltd Ord 0.05,18.4,18.3
14/02/2017,Safaricom Ltd Ord 0.05,18.3,18.25
15/02/2017,Safaricom Ltd Ord 0.05,18.25,18.2
16/02/2017,Safaricom Ltd Ord 0.05,18.2,18.05
17/02/2017,Safaricom Ltd Ord 0.05,18.05,18
20/02/2017,Safaricom Ltd Ord 0.05,18,18
21/02/2017,Safaricom Ltd Ord 0.05,18,18
22/02/2017,Safaricom Ltd Ord 0.05,18,18
23/02/2017,Safaricom Ltd Ord 0.05,18,18.1
24/02/2017,Safaricom Ltd Ord 0.05,18.1,17.85
27/02/2017,Safaricom Ltd Ord 0.05,17.85,17.75
28/02/2017,Safaricom Ltd Ord 0.05,17.75,17.05
01/03/2017,Safaricom Ltd Ord 0.05,17.05,17
02/03/2017,Safaricom Ltd Ord 0.05,17,16.9
03/03/2017,Safaricom Ltd Ord 0.05,16.9,16.8
06/03/2017,Safaricom Ltd Ord 0.05,16.8,16.65
07/03/2017,Safaricom Ltd Ord 0.05,16.65,16.2
08/03/2017,Safaricom Ltd Ord 0.05,16.2,16
09/03/2017,Safaricom Ltd Ord 0.05,16,16.9
10/03/2017,Safaricom Ltd Ord 0.05,16.9,17.35
13/03/2017,Safaricom Ltd Ord 0.05,17.35,18.25
14/03/2017,Safaricom Ltd Ord 0.05,18.25,17.85
15/03/2017,Safaricom Ltd Ord 0.05,17.85,17.55
16/03/2017,Safaricom Ltd Ord 0.05,17.55,17.95
17/03/2017,Safaricom Ltd Ord 0.05,17.95,18
20/03/2017,Safaricom Ltd Ord 0.05,18,18.1
21/03/2017,Safaricom Ltd Ord 0.05,18.1,18.1
22/03/2017,Safaricom Ltd Ord 0.05,18.1,18.35
23/03/2017,Safaricom Ltd Ord 0.05,18.35,18.45
24/03/2017,Safaricom Ltd Ord 0.05,18.45,18.7
27/03/2017,Safaricom Ltd Ord 0.05,18.7,18.6
28/03/2017,Safaricom Ltd Ord 0.05,18.6,18.05
29/03/2017,Safaricom Ltd Ord 0.05,18.05,17.95
30/03/2017,Safaricom Ltd Ord 0.05,17.95,18
31/03/2017,Safaricom Ltd Ord 0.05,18,18.45
03/04/2017,Safaricom Ltd Ord 0.05,18.45,18.3
04/04/2017,Safaricom Ltd Ord 0.05,18.3,18.3
05/04/2017,Safaricom Ltd Ord 0.05,18.3,18.6
06/04/2017,Safaricom Ltd Ord 0.05,18.6,18.65
07/04/2017,Safaricom Ltd Ord 0.05,18.65,19.15
10/04/2017,Safaricom Ltd Ord 0.05,19.15,19.25
11/04/2017,Safaricom Ltd Ord 0.05,19.25,19.45
12/04/2017,Safaricom Ltd Ord 0.05,19.45,19.6
13/04/2017,Safaricom Ltd Ord 0.05,19.6,19.15
18/04/2017,Safaricom Ltd Ord 0.05,19.15,19.2
19/04/2017,Safaricom Ltd Ord 0.05,19.2,19.15
20/04/2017,Safaricom Ltd Ord 0.05,19.15,19.15
21/04/2017,Safaricom Ltd Ord 0.05,19.15,19.1
24/04/2017,Safaricom Ltd Ord 0.05,19.1,18.95
25/04/2017,Safaricom Ltd Ord 0.05,18.95,18.95
26/04/2017,Safaricom Ltd Ord 0.05,18.95,19
27/04/2017,Safaricom Ltd Ord 0.05,19,19.25
28/04/2017,Safaricom Ltd Ord 0.05,19.25,19.55
02/05/2017,Safaricom Ltd Ord 0.05,19.55,19.6
03/05/2017,Safaricom Ltd Ord 0.05,19.6,19.65
04/05/2017,Safaricom Ltd Ord 0.05,19.65,19.75
05/05/2017,Safaricom Ltd Ord 0.05,19.75,20.5
08/05/2017,Safaricom Ltd Ord 0.05,20.5,20.25
09/05/2017,Safaricom Ltd Ord 0.05,20.25,20
10/05/2017,Safaricom Ltd Ord 0.05,20,20.5
11/05/2017,Safaricom Ltd Ord 0.05,20.5,20.25
12/05/2017,Safaricom Ltd Ord 0.05,20.25,20.25
15/05/2017,Safaricom Ltd Ord 0.05,20.25,20.25
16/05/2017,Safaricom Ltd Ord 0.05,20.25,20
17/05/2017,Safaricom Ltd Ord 0.05,20,20.25
18/05/2017,Safaricom Ltd Ord 0.05,20.25,20.25
19/05/2017,Safaricom Ltd Ord 0.05,20.25,20.5
22/05/2017,Safaricom Ltd Ord 0.05,20.5,20.5
23/05/2017,Safaricom Ltd Ord 0.05,20.5,21
24/05/2017,Safaricom Ltd Ord 0.05,21,21.5
25/05/2017,Safaricom Ltd Ord 0.05,21.5,21.75
26/05/2017,Safaricom Ltd Ord 0.05,21.75,21.5
29/05/2017,Safaricom Ltd Ord 0.05,21.5,21
30/05/2017,Safaricom Ltd Ord 0.05,21,22.25
31/05/2017,Safaricom Ltd Ord 0.05,22.25,22.5
02/06/2017,Safaricom Ltd Ord 0.05,22.5,22.25
05/06/2017,Safaricom Ltd Ord 0.05,22.25,22
06/06/2017,Safaricom Ltd Ord 0.05,22,22.25
07/06/2017,Safaricom Ltd Ord 0.05,22.25,22.25
08/06/2017,Safaricom Ltd Ord 0.05,22.25,22.75
09/06/2017,Safaricom Ltd Ord 0.05,22.75,22.75
12/06/2017,Safaricom Ltd Ord 0.05,22.75,23.5
13/06/2017,Safaricom Ltd Ord 0.05,23.5,23
14/06/2017,Safaricom Ltd Ord 0.05,23,23.25
15/06/2017,Safaricom Ltd Ord 0.05,23.25,23.5
16/06/2017,Safaricom Ltd Ord 0.05,23.5,23
19/06/2017,Safaricom Ltd Ord 0.05,23,22.75
20/06/2017,Safaricom Ltd Ord 0.05,22.75,22.75
21/06/2017,Safaricom Ltd Ord 0.05,22.75,23.25
22/06/2017,Safaricom Ltd Ord 0.05,23.25,23.25
23/06/2017,Safaricom Ltd Ord 0.05,23.25,23.5
27/06/2017,Safaricom Ltd Ord 0.05,23.5,23.25
28/06/2017,Safaricom Ltd Ord 0.05,23.25,23
29/06/2017,Safaricom Ltd Ord 0.05,23,22.75
30/06/2017,Safaricom Ltd Ord 0.05,22.75,23
03/07/2017,Safaricom Ltd Ord 0.05,23,23
04/07/2017,Safaricom Ltd Ord 0.05,23,22.75
05/07/2017,Safaricom Ltd Ord 0.05,22.75,22.75
06/07/2017,Safaricom Ltd Ord 0.05,22.75,23
07/07/2017,Safaricom Ltd Ord 0.05,23,23
10/07/2017,Safaricom Ltd Ord 0.05,23,23
11/07/2017,Safaricom Ltd Ord 0.05,23,23
12/07/2017,Safaricom Ltd Ord 0.05,23,23
13/07/2017,Safaricom Ltd Ord 0.05,23,23
14/07/2017,Safaricom Ltd Ord 0.05,23,23
17/07/2017,Safaricom Ltd Ord 0.05,23,23
18/07/2017,Safaricom Ltd Ord 0.05,23,23
19/07/2017,Safaricom Ltd Ord 0.05,23,23
20/07/2017,Safaricom Ltd Ord 0.05,23,23.25
21/07/2017,Safaricom Ltd Ord 0.05,23.25,23.25
24/07/2017,Safaricom Ltd Ord 0.05,23.25,23.5
25/07/2017,Safaricom Ltd Ord 0.05,23.5,23.75
26/07/2017,Safaricom Ltd Ord 0.05,23.75,23.75
27/07/2017,Safaricom Ltd Ord 0.05,23.75,24.5
28/07/2017,Safaricom Ltd Ord 0.05,24.5,24.5
31/07/2017,Safaricom Ltd Ord 0.05,24.5,23.75
01/08/2017,Safaricom Ltd Ord 0.05,23.75,24
02/08/2017,Safaricom Ltd Ord 0.05,24,23.75
03/08/2017,Safaricom Ltd Ord 0.05,23.75,23.5
04/08/2017,Safaricom Ltd Ord 0.05,23.5,23.5
07/08/2017,Safaricom Ltd Ord 0.05,23.5,23.75
09/08/2017,Safaricom Ltd Ord 0.05,23.75,24.25
10/08/2017,Safaricom Ltd Ord 0.05,24.25,24.5
11/08/2017,Safaricom Ltd Ord 0.05,24.5,25
14/08/2017,Safaricom Ltd Ord 0.05,25,24.75
15/08/2017,Safaricom Ltd Ord 0.05,24.75,24.25
16/08/2017,Safaricom Ltd Ord 0.05,24.25,24.25
17/08/2017,Safaricom Ltd Ord 0.05,24.25,24.25
18/08/2017,Safaricom Ltd Ord 0.05,24.25,24.75
21/08/2017,Safaricom Ltd Ord 0.05,24.75,24.75
22/08/2017,Safaricom Ltd Ord 0.05,24.75,25
23/08/2017,Safaricom Ltd Ord 0.05,25,25.25
24/08/2017,Safaricom Ltd Ord 0.05,25.25,26.5
25/08/2017,Safaricom Ltd Ord 0.05,26.5,26.75
28/08/2017,Safaricom Ltd Ord 0.05,26.75,26.75
29/08/2017,Safaricom Ltd Ord 0.05,26.75,26.25
30/08/2017,Safaricom Ltd Ord 0.05,26.25,25.5
31/08/2017,Safaricom Ltd Ord 0.05,25.5,24.25
01/09/2017,Safaricom Ltd Ord 0.05,24.25,24
04/09/2017,Safaricom Ltd Ord 0.05,24,24.75
05/09/2017,Safaricom Ltd Ord 0.05,24.75,24.75
06/09/2017,Safaricom Ltd Ord 0.05,24.75,25.25
07/09/2017,Safaricom Ltd Ord 0.05,25.25,25.75
08/09/2017,Safaricom Ltd Ord 0.05,25.75,26
11/09/2017,Safaricom Ltd Ord 0.05,26,26
12/09/2017,Safaricom Ltd Ord 0.05,26,25.25
13/09/2017,Safaricom Ltd Ord 0.05,25.25,25.25
14/09/2017,Safaricom Ltd Ord 0.05,25.25,25.25
15/09/2017,Safaricom Ltd Ord 0.05,25.25,24.25
18/09/2017,Safaricom Ltd Ord 0.05,24.25,25
19/09/2017,Safaricom Ltd Ord 0.05,25,25.25
20/09/2017,Safaricom Ltd Ord 0.05,25.25,25.75
21/09/2017,Safaricom Ltd Ord 0.05,25.75,25.75
22/09/2017,Safaricom Ltd Ord 0.05,25.75,25.75
25/09/2017,Safaricom Ltd Ord 0.05,25.75,26
26/09/2017,Safaricom Ltd Ord 0.05,26,25.75
27/09/2017,Safaricom Ltd Ord 0.05,25.75,25.25
28/09/2017,Safaricom Ltd Ord 0.05,25.25,24.75
29/09/2017,Safaricom Ltd Ord 0.05,24.75,24.5
02/10/2017,Safaricom Ltd Ord 0.05,24.5,25
03/10/2017,Safaricom Ltd Ord 0.05,25,25
04/10/2017,Safaricom Ltd Ord 0.05,25,24.75
05/10/2017,Safaricom Ltd Ord 0.05,24.75,24.75
06/10/2017,Safaricom Ltd Ord 0.05,24.75,25
09/10/2017,Safaricom Ltd Ord 0.05,25,25
10/10/2017,Safaricom Ltd Ord 0.05,25,25
11/10/2017,Safaricom Ltd Ord 0.05,25,24.75
12/10/2017,Safaricom Ltd Ord 0.05,24.75,25
13/10/2017,Safaricom Ltd Ord 0.05,25,24.75
16/10/2017,Safaricom Ltd Ord 0.05,24.75,24.5
17/10/2017,Safaricom Ltd Ord 0.05,24.5,24.25
18/10/2017,Safaricom Ltd Ord 0.05,24.25,24
19/10/2017,Safaricom Ltd Ord 0.05,24,24.25
23/10/2017,Safaricom Ltd Ord 0.05,24.25,24.75
24/10/2017,Safaricom Ltd Ord 0.05,24.75,25.25
27/10/2017,Safaricom Ltd Ord 0.05,25.25,25.25
30/10/2017,Safaricom Ltd Ord 0.05,25.25,25.5
31/10/2017,Safaricom Ltd Ord 0.05,25.5,25.75
01/11/2017,Safaricom Ltd Ord 0.05,25.75,25.25
02/11/2017,Safaricom Ltd Ord 0.05,25.25,25.5
03/11/2017,Safaricom Ltd Ord 0.05,25.5,25
06/11/2017,Safaricom Ltd Ord 0.05,25,24.5
07/11/2017,Safaricom Ltd Ord 0.05,24.5,24.75
08/11/2017,Safaricom Ltd Ord 0.05,24.75,24.75
09/11/2017,Safaricom Ltd Ord 0.05,24.75,24.5
10/11/2017,Safaricom Ltd Ord 0.05,24.5,24.5
13/11/2017,Safaricom Ltd Ord 0.05,24.5,24.5
14/11/2017,Safaricom Ltd Ord 0.05,24.5,25
15/11/2017,Safaricom Ltd Ord 0.05,25,25.25
16/11/2017,Safaricom Ltd Ord 0.05,25.25,25.5
17/11/2017,Safaricom Ltd Ord 0.05,25.5,25.75
20/11/2017,Safaricom Ltd Ord 0.05,25.75,26.75
21/11/2017,Safaricom Ltd Ord 0.05,26.75,28
22/11/2017,Safaricom Ltd Ord 0.05,28,26.5
23/11/2017,Safaricom Ltd Ord 0.05,26.5,26.75
24/11/2017,Safaricom Ltd Ord 0.05,26.75,27.5
27/11/2017,Safaricom Ltd Ord 0.05,27.5,27.5
29/11/2017,Safaricom Ltd Ord 0.05,27.5,27.5
30/11/2017,Safaricom Ltd Ord 0.05,27.5,27.5
01/12/2017,Safaricom Ltd Ord 0.05,27.5,27.5
04/12/2017,Safaricom Ltd Ord 0.05,27.5,27.25
05/12/2017,Safaricom Ltd Ord 0.05,27.25,27.25
06/12/2017,Safaricom Ltd Ord 0.05,27.25,27.75
07/12/2017,Safaricom Ltd Ord 0.05,27.75,27.75
08/12/2017,Safaricom Ltd Ord 0.05,27.75,28
11/12/2017,Safaricom Ltd Ord 0.05,28,27.5
13/12/2017,Safaricom Ltd Ord 0.05,27.5,27
14/12/2017,Safaricom Ltd Ord 0.05,27,26.75
15/12/2017,Safaricom Ltd Ord 0.05,26.75,26.25
18/12/2017,Safaricom Ltd Ord 0.05,26.25,26
19/12/2017,Safaricom Ltd Ord 0.05,26,26
20/12/2017,Safaricom Ltd Ord 0.05,26,26.5
21/12/2017,Safaricom Ltd Ord 0.05,26.5,26.5
22/12/2017,Safaricom Ltd Ord 0.05,26.5,26.25
27/12/2017,Safaricom Ltd Ord 0.05,26.25,26.25
28/12/2017,Safaricom Ltd Ord 0.05,26.25,26.75
29/12/2017,Safaricom Ltd Ord 0.05,26.75,26.75
02/01/2018,Safaricom Ltd Ord 0.05,26.75,26.75
03/01/2018,Safaricom Ltd Ord 0.05,26.75,27
04/01/2018,Safaricom Ltd Ord 0.05,27,28
05/01/2018,Safaricom Ltd Ord 0.05,28,28
08/01/2018,Safaricom Ltd Ord 0.05,28,28
09/01/2018,Safaricom Ltd Ord 0.05,28,27.75
10/01/2018,Safaricom Ltd Ord 0.05,27.75,27.75
11/01/2018,Safaricom Ltd Ord 0.05,27.75,28.25
12/01/2018,Safaricom Ltd Ord 0.05,28.25,28.75
15/01/2018,Safaricom Ltd Ord 0.05,28.75,29
16/01/2018,Safaricom Ltd Ord 0.05,29,29
17/01/2018,Safaricom Ltd Ord 0.05,29,29.25
18/01/2018,Safaricom Ltd Ord 0.05,29.25,29.5
19/01/2018,Safaricom Ltd Ord 0.05,29.5,29.25
22/01/2018,Safaricom Ltd Ord 0.05,29.25,29.5
23/01/2018,Safaricom Ltd Ord 0.05,29.5,29.5
24/01/2018,Safaricom Ltd Ord 0.05,29.5,29.75
25/01/2018,Safaricom Ltd Ord 0.05,29.75,30
26/01/2018,Safaricom Ltd Ord 0.05,30,29.75
29/01/2018,Safaricom Ltd Ord 0.05,29.75,29.75
30/01/2018,Safaricom Ltd Ord 0.05,29.75,29.5
31/01/2018,Safaricom Ltd Ord 0.05,29.5,29.75
01/02/2018,Safaricom Ltd Ord 0.05,29.75,29.75
02/02/2018,Safaricom Ltd Ord 0.05,29.75,29.75
05/02/2018,Safaricom Ltd Ord 0.05,29.75,29.5
06/02/2018,Safaricom Ltd Ord 0.05,29.5,28.5
07/02/2018,Safaricom Ltd Ord 0.05,28.5,29.25
08/02/2018,Safaricom Ltd Ord 0.05,29.25,29
09/02/2018,Safaricom Ltd Ord 0.05,29,28.25
12/02/2018,Safaricom Ltd Ord 0.05,28.25,28.5
13/02/2018,Safaricom Ltd Ord 0.05,28.5,28.75
14/02/2018,Safaricom Ltd Ord 0.05,28.75,28.75
15/02/2018,Safaricom Ltd Ord 0.05,28.75,29.25
16/02/2018,Safaricom Ltd Ord 0.05,29.25,29.25
19/02/2018,Safaricom Ltd Ord 0.05,29.25,29.75
20/02/2018,Safaricom Ltd Ord 0.05,29.75,29.75
21/02/2018,Safaricom Ltd Ord 0.05,29.75,29.5
22/02/2018,Safaricom Ltd Ord 0.05,29.5,29.5
23/02/2018,Safaricom Ltd Ord 0.05,29.5,29.5
26/02/2018,Safaricom Ltd Ord 0.05,29.5,29.5
27/02/2018,Safaricom Ltd Ord 0.05,29.5,29.75
28/02/2018,Safaricom Ltd Ord 0.05,29.75,29.5
01/03/2018,Safaricom Ltd Ord 0.05,29.5,29.25
02/03/2018,Safaricom Ltd Ord 0.05,29.25,29.25
05/03/2018,Safaricom Ltd Ord 0.05,29.25,29.25
06/03/2018,Safaricom Ltd Ord 0.05,29.25,29.5
07/03/2018,Safaricom Ltd Ord 0.05,29.5,29.5
08/03/2018,Safaricom Ltd Ord 0.05,29.5,29.25
09/03/2018,Safaricom Ltd Ord 0.05,29.25,29.25
12/03/2018,Safaricom Ltd Ord 0.05,29.25,29.75
13/03/2018,Safaricom Ltd Ord 0.05,29.75,29.75
14/03/2018,Safaricom Ltd Ord 0.05,29.75,29.5
15/03/2018,Safaricom Ltd Ord 0.05,29.5,29.5
16/03/2018,Safaricom Ltd Ord 0.05,29.5,30
19/03/2018,Safaricom Ltd Ord 0.05,30,30.75
20/03/2018,Safaricom Ltd Ord 0.05,30.75,31.25
21/03/2018,Safaricom Ltd Ord 0.05,31.25,31.75
22/03/2018,Safaricom Ltd Ord 0.05,31.75,31.75
23/03/2018,Safaricom Ltd Ord 0.05,31.75,31.5
26/03/2018,Safaricom Ltd Ord 0.05,31.5,31.25
27/03/2018,Safaricom Ltd Ord 0.05,31.25,30.75
28/03/2018,Safaricom Ltd Ord 0.05,30.75,31
29/03/2018,Safaricom Ltd Ord 0.05,31,31.25
03/04/2018,Safaricom Ltd Ord 0.05,31.25,32
04/04/2018,Safaricom Ltd Ord 0.05,32,32.75
05/04/2018,Safaricom Ltd Ord 0.05,32.75,32.25
06/04/2018,Safaricom Ltd Ord 0.05,32.25,31.75
09/04/2018,Safaricom Ltd Ord 0.05,31.75,31.75
10/04/2018,Safaricom Ltd Ord 0.05,31.75,32
11/04/2018,Safaricom Ltd Ord 0.05,32,31.5
12/04/2018,Safaricom Ltd Ord 0.05,31.5,31
13/04/2018,Safaricom Ltd Ord 0.05,31,30.5
16/04/2018,Safaricom Ltd Ord 0.05,30.5,29.75
17/04/2018,Safaricom Ltd Ord 0.05,29.75,29.5
18/04/2018,Safaricom Ltd Ord 0.05,29.5,29.25
19/04/2018,Safaricom Ltd Ord 0.05,29.25,29
20/04/2018,Safaricom Ltd Ord 0.05,29,28.5
23/04/2018,Safaricom Ltd Ord 0.05,28.5,28.25
24/04/2018,Safaricom Ltd Ord 0.05,28.25,28.5
25/04/2018,Safaricom Ltd Ord 0.05,28.5,28.25
26/04/2018,Safaricom Ltd Ord 0.05,28.25,28.25
27/04/2018,Safaricom Ltd Ord 0.05,28.25,28.25
30/04/2018,Safaricom Ltd Ord 0.05,28.25,27.25
02/05/2018,Safaricom Ltd Ord 0.05,27.25,27
03/05/2018,Safaricom Ltd Ord 0.05,27,28.5
04/05/2018,Safaricom Ltd Ord 0.05,28.5,28.5
07/05/2018,Safaricom Ltd Ord 0.05,28.5,28.25
08/05/2018,Safaricom Ltd Ord 0.05,28.25,29
09/05/2018,Safaricom Ltd Ord 0.05,29,28
10/05/2018,Safaricom Ltd Ord 0.05,28,27.75
11/05/2018,Safaricom Ltd Ord 0.05,27.75,27.25
14/05/2018,Safaricom Ltd Ord 0.05,27.25,27.25
15/05/2018,Safaricom Ltd Ord 0.05,27.25,28.5
16/05/2018,Safaricom Ltd Ord 0.05,28.5,29
17/05/2018,Safaricom Ltd Ord 0.05,29,29.25
18/05/2018,Safaricom Ltd Ord 0.05,29.25,29
21/05/2018,Safaricom Ltd Ord 0.05,29,29.25
22/05/2018,Safaricom Ltd Ord 0.05,29.25,29
23/05/2018,Safaricom Ltd Ord 0.05,29,29
25/05/2018,Safaricom Ltd Ord 0.05,29,28.75
28/05/2018,Safaricom Ltd Ord 0.05,28.75,28.5
29/05/2018,Safaricom Ltd Ord 0.05,28.5,28.25
30/05/2018,Safaricom Ltd Ord 0.05,28.25,28.25
31/05/2018,Safaricom Ltd Ord 0.05,28.25,28.5
04/06/2018,Safaricom Ltd Ord 0.05,28.5,28.75
05/06/2018,Safaricom Ltd Ord 0.05,28.75,29.5
06/06/2018,Safaricom Ltd Ord 0.05,29.5,29.5
07/06/2018,Safaricom Ltd Ord 0.05,29.5,29.5
08/06/2018,Safaricom Ltd Ord 0.05,29.5,30
11/06/2018,Safaricom Ltd Ord 0.05,30,30
12/06/2018,Safaricom Ltd Ord 0.05,30,30
13/06/2018,Safaricom Ltd Ord 0.05,30,30
14/06/2018,Safaricom Ltd Ord 0.05,30,29.75
18/06/2018,Safaricom Ltd Ord 0.05,29.75,28.25
19/06/2018,Safaricom Ltd Ord 0.05,28.25,27.25
20/06/2018,Safaricom Ltd Ord 0.05,27.25,27.25
21/06/2018,Safaricom Ltd Ord 0.05,27.25,28.25
22/06/2018,Safaricom Ltd Ord 0.05,28.25,28.5
25/06/2018,Safaricom Ltd Ord 0.05,28.5,29
26/06/2018,Safaricom Ltd Ord 0.05,29,29.5
27/06/2018,Safaricom Ltd Ord 0.05,29.5,29.75
28/06/2018,Safaricom Ltd Ord 0.05,29.75,29.5
29/06/2018,Safaricom Ltd Ord 0.05,29.5,29
02/07/2018,Safaricom Ltd Ord 0.05,29,28
03/07/2018,Safaricom Ltd Ord 0.05,28,28.5
04/07/2018,Safaricom Ltd Ord 0.05,28.5,29
05/07/2018,Safaricom Ltd Ord 0.05,29,28.75
06/07/2018,Safaricom Ltd Ord 0.05,28.75,29
09/07/2018,Safaricom Ltd Ord 0.05,29,29
10/07/2018,Safaricom Ltd Ord 0.05,29,28.5
11/07/2018,Safaricom Ltd Ord 0.05,28.5,28.5
12/07/2018,Safaricom Ltd Ord 0.05,28.5,28.25
13/07/2018,Safaricom Ltd Ord 0.05,28.25,28.25
16/07/2018,Safaricom Ltd Ord 0.05,28.25,28.75
17/07/2018,Safaricom Ltd Ord 0.05,28.75,29
18/07/2018,Safaricom Ltd Ord 0.05,29,29.25
19/07/2018,Safaricom Ltd Ord 0.05,29.25,28.5
20/07/2018,Safaricom Ltd Ord 0.05,28.5,28.5
23/07/2018,Safaricom Ltd Ord 0.05,28.5,28.75
25/07/2018,Safaricom Ltd Ord 0.05,28.75,28.5
26/07/2018,Safaricom Ltd Ord 0.05,28.5,28.5
27/07/2018,Safaricom Ltd Ord 0.05,28.5,28.5
30/07/2018,Safaricom Ltd Ord 0.05,28.5,28
31/07/2018,Safaricom Ltd Ord 0.05,28,27.75
01/08/2018,Safaricom Ltd Ord 0.05,27.75,28
02/08/2018,Safaricom Ltd Ord 0.05,28,28
03/08/2018,Safaricom Ltd Ord 0.05,28,28
06/08/2018,Safaricom Ltd Ord 0.05,28,28
07/08/2018,Safaricom Ltd Ord 0.05,28,28.75
08/08/2018,Safaricom Ltd Ord 0.05,28.75,28.75
09/08/2018,Safaricom Ltd Ord 0.05,28.75,28.25
10/08/2018,Safaricom Ltd Ord 0.05,28.25,28.5
13/08/2018,Safaricom Ltd Ord 0.05,28.5,28.75
14/08/2018,Safaricom Ltd Ord 0.05,28.75,29
15/08/2018,Safaricom Ltd Ord 0.05,29,28.75
16/08/2018,Safaricom Ltd Ord 0.05,28.75,29
17/08/2018,Safaricom Ltd Ord 0.05,29,29
20/08/2018,Safaricom Ltd Ord 0.05,29,29
22/08/2018,Safaricom Ltd Ord 0.05,29,29
23/08/2018,Safaricom Ltd Ord 0.05,29,29
24/08/2018,Safaricom Ltd Ord 0.05,29,29
27/08/2018,Safaricom Ltd Ord 0.05,29,29.75
28/08/2018,Safaricom Ltd Ord 0.05,29.75,29.75
29/08/2018,Safaricom Ltd Ord 0.05,29.75,29.5
30/08/2018,Safaricom Ltd Ord 0.05,29.5,28.25
31/08/2018,Safaricom Ltd Ord 0.05,28.25,27.75
03/09/2018,Safaricom Ltd Ord 0.05,27.75,28.25
04/09/2018,Safaricom Ltd Ord 0.05,28.25,27.75
05/09/2018,Safaricom Ltd Ord 0.05,27.75,27.75
06/09/2018,Safaricom Ltd Ord 0.05,27.75,27.5
07/09/2018,Safaricom Ltd Ord 0.05,27.5,27.25
10/09/2018,Safaricom Ltd Ord 0.05,27.25,27
11/09/2018,Safaricom Ltd Ord 0.05,27,27
12/09/2018,Safaricom Ltd Ord 0.05,27,26.25
13/09/2018,Safaricom Ltd Ord 0.05,26.25,26.5
14/09/2018,Safaricom Ltd Ord 0.05,26.5,26.5
17/09/2018,Safaricom Ltd Ord 0.05,26.5,26.75
18/09/2018,Safaricom Ltd Ord 0.05,26.75,26.5
19/09/2018,Safaricom Ltd Ord 0.05,26.5,24.75
20/09/2018,Safaricom Ltd Ord 0.05,24.75,24
21/09/2018,Safaricom Ltd Ord 0.05,24,25
24/09/2018,Safaricom Ltd Ord 0.05,25,24.75
25/09/2018,Safaricom Ltd Ord 0.05,24.75,24.75
26/09/2018,Safaricom Ltd Ord 0.05,24.75,24.75
27/09/2018,Safaricom Ltd Ord 0.05,24.75,24.5
28/09/2018,Safaricom Ltd Ord 0.05,24.5,24
01/10/2018,Safaricom Ltd Ord 0.05,24,24.25
02/10/2018,Safaricom Ltd Ord 0.05,24.25,24.25
03/10/2018,Safaricom Ltd Ord 0.05,24.25,24.5
04/10/2018,Safaricom Ltd Ord 0.05,24.5,24.75
05/10/2018,Safaricom Ltd Ord 0.05,24.75,24.5
08/10/2018,Safaricom Ltd Ord 0.05,24.5,24.5
09/10/2018,Safaricom Ltd Ord 0.05,24.5,24
11/10/2018,Safaricom Ltd Ord 0.05,24,23
12/10/2018,Safaricom Ltd Ord 0.05,23,22.25
15/10/2018,Safaricom Ltd Ord 0.05,22.25,23.5
16/10/2018,Safaricom Ltd Ord 0.05,23.5,23.75
17/10/2018,Safaricom Ltd Ord 0.05,23.75,23.5
18/10/2018,Safaricom Ltd Ord 0.05,23.5,23.75
19/10/2018,Safaricom Ltd Ord 0.05,23.75,23.75
22/10/2018,Safaricom Ltd Ord 0.05,23.75,23.75
23/10/2018,Safaricom Ltd Ord 0.05,23.75,23.5
24/10/2018,Safaricom Ltd Ord 0.05,23.5,23.5
25/10/2018,Safaricom Ltd Ord 0.05,23.5,23.5
26/10/2018,Safaricom Ltd Ord 0.05,23.5,23.5
29/10/2018,Safaricom Ltd Ord 0.05,23.5,23.5
30/10/2018,Safaricom Ltd Ord 0.05,23.5,23.25
31/10/2018,Safaricom Ltd Ord 0.05,23.25,23.5
01/11/2018,Safaricom Ltd Ord 0.05,23.5,24.5
02/11/2018,Safaricom Ltd Ord 0.05,24.5,23.75
05/11/2018,Safaricom Ltd Ord 0.05,23.75,22.5
06/11/2018,Safaricom Ltd Ord 0.05,22.5,22.75
07/11/2018,Safaricom Ltd Ord 0.05,22.75,23.25
08/11/2018,Safaricom Ltd Ord 0.05,23.25,24.25
09/11/2018,Safaricom Ltd Ord 0.05,24.25,24.25
12/11/2018,Safaricom Ltd Ord 0.05,24.25,24.25
13/11/2018,Safaricom Ltd Ord 0.05,24.25,24
14/11/2018,Safaricom Ltd Ord 0.05,24,23.75
15/11/2018,Safaricom Ltd Ord 0.05,23.75,23.75
16/11/2018,Safaricom Ltd Ord 0.05,23.75,23.5
19/11/2018,Safaricom Ltd Ord 0.05,23.5,23.5
20/11/2018,Safaricom Ltd Ord 0.05,23.5,23.75
21/11/2018,Safaricom Ltd Ord 0.05,23.75,23.75
22/11/2018,Safaricom Ltd Ord 0.05,23.75,23.75
23/11/2018,Safaricom Ltd Ord 0.05,23.75,23.8
26/11/2018,Safaricom Ltd Ord 0.05,23.8,23.8
27/11/2018,Safaricom Ltd Ord 0.05,23.8,23.8
28/11/2018,Safaricom Ltd Ord 0.05,23.8,23.75
29/11/2018,Safaricom Ltd Ord 0.05,23.75,23.75
30/11/2018,Safaricom Ltd Ord 0.05,23.75,23.75
03/12/2018,Safaricom Ltd Ord 0.05,23.75,23.6
04/12/2018,Safaricom Ltd Ord 0.05,23.6,23.65
05/12/2018,Safaricom Ltd Ord 0.05,23.65,23.4
06/12/2018,Safaricom Ltd Ord 0.05,23.4,23
07/12/2018,Safaricom Ltd Ord 0.05,23,22.65
10/12/2018,Safaricom Ltd Ord 0.05,22.65,22.05
11/12/2018,Safaricom Ltd Ord 0.05,22.05,22.15
13/12/2018,Safaricom Ltd Ord 0.05,22.15,22.9
14/12/2018,Safaricom Ltd Ord 0.05,22.9,23
17/12/2018,Safaricom Ltd Ord 0.05,23,23
18/12/2018,Safaricom Ltd Ord 0.05,23,22.9
19/12/2018,Safaricom Ltd Ord 0.05,22.9,22.45
20/12/2018,Safaricom Ltd Ord 0.05,22.45,22.3
21/12/2018,Safaricom Ltd Ord 0.05,22.3,22.6
24/12/2018,Safaricom Ltd Ord 0.05,22.6,22.6
27/12/2018,Safaricom Ltd Ord 0.05,22.6,22.85
28/12/2018,Safaricom Ltd Ord 0.05,22.85,22.2
31/12/2018,Safaricom Ltd Ord 0.05,22.2,22.25
02/01/2019,Safaricom Ltd Ord 0.05,22.25,22.15
03/01/2019,Safaricom Ltd Ord 0.05,22.15,21.3
04/01/2019,Safaricom Ltd Ord 0.05,21.3,21.45
07/01/2019,Safaricom Ltd Ord 0.05,21.45,22
08/01/2019,Safaricom Ltd Ord 0.05,22,22.3
09/01/2019,Safaricom Ltd Ord 0.05,22.3,23
10/01/2019,Safaricom Ltd Ord 0.05,23,23.4
11/01/2019,Safaricom Ltd Ord 0.05,23.4,23.5
14/01/2019,Safaricom Ltd Ord 0.05,23.5,23.5
15/01/2019,Safaricom Ltd Ord 0.05,23.5,23.8
16/01/2019,Safaricom Ltd Ord 0.05,23.8,23.75
17/01/2019,Safaricom Ltd Ord 0.05,23.75,23.7
18/01/2019,Safaricom Ltd Ord 0.05,23.7,23.5
21/01/2019,Safaricom Ltd Ord 0.05,23.5,23.3
22/01/2019,Safaricom Ltd Ord 0.05,23.3,23.25
23/01/2019,Safaricom Ltd Ord 0.05,23.25,23.2
24/01/2019,Safaricom Ltd Ord 0.05,23.2,23.45
25/01/2019,Safaricom Ltd Ord 0.05,23.45,23.45
28/01/2019,Safaricom Ltd Ord 0.05,23.45,23.45
29/01/2019,Safaricom Ltd Ord 0.05,23.45,23.7
30/01/2019,Safaricom Ltd Ord 0.05,23.7,23.85
31/01/2019,Safaricom Ltd Ord 0.05,23.85,25.5
01/02/2019,Safaricom Ltd Ord 0.05,25.5,26
04/02/2019,Safaricom Ltd Ord 0.05,26,26.5
05/02/2019,Safaricom Ltd Ord 0.05,26.5,26.9
06/02/2019,Safaricom Ltd Ord 0.05,26.9,27.05
07/02/2019,Safaricom Ltd Ord 0.05,27.05,26.85
08/02/2019,Safaricom Ltd Ord 0.05,26.85,26.8
11/02/2019,Safaricom Ltd Ord 0.05,26.8,26.9
12/02/2019,Safaricom Ltd Ord 0.05,26.9,26.9
13/02/2019,Safaricom Ltd Ord 0.05,26.9,26.45
14/02/2019,Safaricom Ltd Ord 0.05,26.45,26.1
15/02/2019,Safaricom Ltd Ord 0.05,26.1,26.05
18/02/2019,Safaricom Ltd Ord 0.05,26.05,26.15
19/02/2019,Safaricom Ltd Ord 0.05,26.15,26.15
20/02/2019,Safaricom Ltd Ord 0.05,26.15,26
21/02/2019,Safaricom Ltd Ord 0.05,26,26.05
22/02/2019,Safaricom Ltd Ord 0.05,26.05,26.5
25/02/2019,Safaricom Ltd Ord 0.05,26.5,26.6
26/02/2019,Safaricom Ltd Ord 0.05,26.6,26.55
27/02/2019,Safaricom Ltd Ord 0.05,26.55,26
28/02/2019,Safaricom Ltd Ord 0.05,26,26.1
01/03/2019,Safaricom Ltd Ord 0.05,26.1,26.45
04/03/2019,Safaricom Ltd Ord 0.05,26.45,26.5
05/03/2019,Safaricom Ltd Ord 0.05,26.5,26.6
06/03/2019,Safaricom Ltd Ord 0.05,26.6,26.8
07/03/2019,Safaricom Ltd Ord 0.05,26.8,27
08/03/2019,Safaricom Ltd Ord 0.05,27,26.9
11/03/2019,Safaricom Ltd Ord 0.05,26.9,26.9
12/03/2019,Safaricom Ltd Ord 0.05,26.9,26.75
13/03/2019,Safaricom Ltd Ord 0.05,26.75,27
14/03/2019,Safaricom Ltd Ord 0.05,27,27.75
15/03/2019,Safaricom Ltd Ord 0.05,27.75,28.5
18/03/2019,Safaricom Ltd Ord 0.05,28.5,28.5
19/03/2019,Safaricom Ltd Ord 0.05,28.5,28
20/03/2019,Safaricom Ltd Ord 0.05,28,28.55
21/03/2019,Safaricom Ltd Ord 0.05,28.55,28.65
22/03/2019,Safaricom Ltd Ord 0.05,28.65,27.95
25/03/2019,Safaricom Ltd Ord 0.05,27.95,27.6
26/03/2019,Safaricom Ltd Ord 0.05,27.6,27.6
27/03/2019,Safaricom Ltd Ord 0.05,27.6,27.25
28/03/2019,Safaricom Ltd Ord 0.05,27.25,27.55
29/03/2019,Safaricom Ltd Ord 0.05,27.55,27.9
01/04/2019,Safaricom Ltd Ord 0.05,27.9,28.1
02/04/2019,Safaricom Ltd Ord 0.05,28.1,28.1
03/04/2019,Safaricom Ltd Ord 0.05,28.1,28.05
04/04/2019,Safaricom Ltd Ord 0.05,28.05,28
05/04/2019,Safaricom Ltd Ord 0.05,28,28
08/04/2019,Safaricom Ltd Ord 0.05,28,27.85
09/04/2019,Safaricom Ltd Ord 0.05,27.85,27.75
10/04/2019,Safaricom Ltd Ord 0.05,27.75,27.7
11/04/2019,Safaricom Ltd Ord 0.05,27.7,27.5
12/04/2019,Safaricom Ltd Ord 0.05,27.5,27.3
15/04/2019,Safaricom Ltd Ord 0.05,27.3,27.5
16/04/2019,Safaricom Ltd Ord 0.05,27.5,27.85
17/04/2019,Safaricom Ltd Ord 0.05,27.85,27.85
18/04/2019,Safaricom Ltd Ord 0.05,27.85,27.95
23/04/2019,Safaricom Ltd Ord 0.05,27.95,28
24/04/2019,Safaricom Ltd Ord 0.05,28,27.95
25/04/2019,Safaricom Ltd Ord 0.05,27.95,27.95
26/04/2019,Safaricom Ltd Ord 0.05,27.95,28
29/04/2019,Safaricom Ltd Ord 0.05,28,28.15
30/04/2019,Safaricom Ltd Ord 0.05,28.15,29.55
02/05/2019,Safaricom Ltd Ord 0.05,29.55,29.25
03/05/2019,Safaricom Ltd Ord 0.05,29.25,28.65
06/05/2019,Safaricom Ltd Ord 0.05,28.65,28.6
07/05/2019,Safaricom Ltd Ord 0.05,28.6,28.15
08/05/2019,Safaricom Ltd Ord 0.05,28.15,27.95
09/05/2019,Safaricom Ltd Ord 0.05,27.95,27.45
10/05/2019,Safaricom Ltd Ord 0.05,27.45,27.2
13/05/2019,Safaricom Ltd Ord 0.05,27.2,26.4
14/05/2019,Safaricom Ltd Ord 0.05,26.4,26.7
15/05/2019,Safaricom Ltd Ord 0.05,26.7,26.25
16/05/2019,Safaricom Ltd Ord 0.05,26.25,26.15
17/05/2019,Safaricom Ltd Ord 0.05,26.15,26.2
20/05/2019,Safaricom Ltd Ord 0.05,26.2,26.35
21/05/2019,Safaricom Ltd Ord 0.05,26.35,26.1
22/05/2019,Safaricom Ltd Ord 0.05,26.1,26.15
23/05/2019,Safaricom Ltd Ord 0.05,26.15,26.45
24/05/2019,Safaricom Ltd Ord 0.05,26.45,26.8
27/05/2019,Safaricom Ltd Ord 0.05,26.8,28.35
28/05/2019,Safaricom Ltd Ord 0.05,28.35,28
29/05/2019,Safaricom Ltd Ord 0.05,28,27.65
30/05/2019,Safaricom Ltd Ord 0.05,27.65,27.45
31/05/2019,Safaricom Ltd Ord 0.05,27.45,27.65
03/06/2019,Safaricom Ltd Ord 0.05,27.65,27.7
04/06/2019,Safaricom Ltd Ord 0.05,27.7,27.7
06/06/2019,Safaricom Ltd Ord 0.05,27.7,27.4
07/06/2019,Safaricom Ltd Ord 0.05,27.4,27.45
10/06/2019,Safaricom Ltd Ord 0.05,27.45,27.55
11/06/2019,Safaricom Ltd Ord 0.05,27.55,27.5
12/06/2019,Safaricom Ltd Ord 0.05,27.5,27.35
13/06/2019,Safaricom Ltd Ord 0.05,27.35,27.2
14/06/2019,Safaricom Ltd Ord 0.05,27.2,27.25
17/06/2019,Safaricom Ltd Ord 0.05,27.25,27.3
18/06/2019,Safaricom Ltd Ord 0.05,27.3,27
19/06/2019,Safaricom Ltd Ord 0.05,27,27.15
20/06/2019,Safaricom Ltd Ord 0.05,27.15,27.25
21/06/2019,Safaricom Ltd Ord 0.05,27.25,27.3
24/06/2019,Safaricom Ltd Ord 0.05,27.3,27.45
25/06/2019,Safaricom Ltd Ord 0.05,27.45,27.5
26/06/2019,Safaricom Ltd Ord 0.05,27.5,27.55
27/06/2019,Safaricom Ltd Ord 0.05,27.55,28.1
28/06/2019,Safaricom Ltd Ord 0.05,28.1,28.15
01/07/2019,Safaricom Ltd Ord 0.05,28.15,28.15
02/07/2019,Safaricom Ltd Ord 0.05,28.15,28.15
03/07/2019,Safaricom Ltd Ord 0.05,28.15,27.75
04/07/2019,Safaricom Ltd Ord 0.05,27.75,27.85
05/07/2019,Safaricom Ltd Ord 0.05,27.85,27.55
08/07/2019,Safaricom Ltd Ord 0.05,27.55,27
09/07/2019,Safaricom Ltd Ord 0.05,27,27.5
10/07/2019,Safaricom Ltd Ord 0.05,27.5,27.45
11/07/2019,Safaricom Ltd Ord 0.05,27.45,27.75
12/07/2019,Safaricom Ltd Ord 0.05,27.75,27.5
15/07/2019,Safaricom Ltd Ord 0.05,27.5,28
16/07/2019,Safaricom Ltd Ord 0.05,28,27.95
17/07/2019,Safaricom Ltd Ord 0.05,27.95,27.75
18/07/2019,Safaricom Ltd Ord 0.05,27.75,27.85
19/07/2019,Safaricom Ltd Ord 0.05,27.85,27.8
22/07/2019,Safaricom Ltd Ord 0.05,27.8,27.25
23/07/2019,Safaricom Ltd Ord 0.05,27.25,27.5
24/07/2019,Safaricom Ltd Ord 0.05,27.5,27.5
25/07/2019,Safaricom Ltd Ord 0.05,27.5,27.6
26/07/2019,Safaricom Ltd Ord 0.05,27.6,27.55
29/07/2019,Safaricom Ltd Ord 0.05,27.55,27.45
30/07/2019,Safaricom Ltd Ord 0.05,27.45,27.4
31/07/2019,Safaricom Ltd Ord 0.05,27.4,27.55
01/08/2019,Safaricom Ltd Ord 0.05,27.55,27.6
02/08/2019,Safaricom Ltd Ord 0.05,27.6,27.6
05/08/2019,Safaricom Ltd Ord 0.05,27.6,27.45
06/08/2019,Safaricom Ltd Ord 0.05,27.45,27.2
07/08/2019,Safaricom Ltd Ord 0.05,27.2,27.3
08/08/2019,Safaricom Ltd Ord 0.05,27.3,27.65
09/08/2019,Safaricom Ltd Ord 0.05,27.65,27.9
13/08/2019,Safaricom Ltd Ord 0.05,27.9,28
14/08/2019,Safaricom Ltd Ord 0.05,28,28.5
15/08/2019,Safaricom Ltd Ord 0.05,28.5,29.2
16/08/2019,Safaricom Ltd Ord 0.05,29.2,29.45
19/08/2019,Safaricom Ltd Ord 0.05,29.45,29.3
20/08/2019,Safaricom Ltd Ord 0.05,29.3,29.1
21/08/2019,Safaricom Ltd Ord 0.05,29.1,29
22/08/2019,Safaricom Ltd Ord 0.05,29,28.9
23/08/2019,Safaricom Ltd Ord 0.05,28.9,28.3
26/08/2019,Safaricom Ltd Ord 0.05,28.3,28.2
27/08/2019,Safaricom Ltd Ord 0.05,28.2,28
28/08/2019,Safaricom Ltd Ord 0.05,28,28.25
29/08/2019,Safaricom Ltd Ord 0.05,28.25,28.15
30/08/2019,Safaricom Ltd Ord 0.05,28.15,28.05
02/09/2019,Safaricom Ltd Ord 0.05,28.05,26.2
03/09/2019,Safaricom Ltd Ord 0.05,26.2,26.65
04/09/2019,Safaricom Ltd Ord 0.05,26.65,26.85
05/09/2019,Safaricom Ltd Ord 0.05,26.85,26.8
06/09/2019,Safaricom Ltd Ord 0.05,26.8,26.85
09/09/2019,Safaricom Ltd Ord 0.05,26.85,26.95
10/09/2019,Safaricom Ltd Ord 0.05,26.95,27.05
11/09/2019,Safaricom Ltd Ord 0.05,27.05,27.15
12/09/2019,Safaricom Ltd Ord 0.05,27.15,27.15
13/09/2019,Safaricom Ltd Ord 0.05,27.15,27.2
16/09/2019,Safaricom Ltd Ord 0.05,27.2,27.15
17/09/2019,Safaricom Ltd Ord 0.05,27.15,27.25
18/09/2019,Safaricom Ltd Ord 0.05,27.25,27.2
19/09/2019,Safaricom Ltd Ord 0.05,27.2,27.35
20/09/2019,Safaricom Ltd Ord 0.05,27.35,27.5
23/09/2019,Safaricom Ltd Ord 0.05,27.5,27.5
24/09/2019,Safaricom Ltd Ord 0.05,27.5,27.55
25/09/2019,Safaricom Ltd Ord 0.05,27.55,27.15
26/09/2019,Safaricom Ltd Ord 0.05,27.15,27.1
27/09/2019,Safaricom Ltd Ord 0.05,27.1,27.5
30/09/2019,Safaricom Ltd Ord 0.05,27.5,27.55
01/10/2019,Safaricom Ltd Ord 0.05,27.55,27.65
02/10/2019,Safaricom Ltd Ord 0.05,27.65,28.1
03/10/2019,Safaricom Ltd Ord 0.05,28.1,28.05
04/10/2019,Safaricom Ltd Ord 0.05,28.05,27.85
07/10/2019,Safaricom Ltd Ord 0.05,27.85,28.2
08/10/2019,Safaricom Ltd Ord 0.05,28.2,28.3
09/10/2019,Safaricom Ltd Ord 0.05,28.3,28.45
11/10/2019,Safaricom Ltd Ord 0.05,28.45,28
14/10/2019,Safaricom Ltd Ord 0.05,28,27.9
15/10/2019,Safaricom Ltd Ord 0.05,27.9,27.9
16/10/2019,Safaricom Ltd Ord 0.05,27.9,28.25
18/10/2019,Safaricom Ltd Ord 0.05,28.25,28.45
22/10/2019,Safaricom Ltd Ord 0.05,28.45,28.5
23/10/2019,Safaricom Ltd Ord 0.05,28.5,28.6
24/10/2019,Safaricom Ltd Ord 0.05,28.6,28.7
25/10/2019,Safaricom Ltd Ord 0.05,28.7,28.85
28/10/2019,Safaricom Ltd Ord 0.05,28.85,28.9
29/10/2019,Safaricom Ltd Ord 0.05,28.9,29.25
30/10/2019,Safaricom Ltd Ord 0.05,29.25,29.75
31/10/2019,Safaricom Ltd Ord 0.05,29.75,30.3
01/11/2019,Safaricom Ltd Ord 0.05,30.3,30.4
04/11/2019,Safaricom Ltd Ord 0.05,30.4,30.5
05/11/2019,Safaricom Ltd Ord 0.05,30.5,30
08/11/2019,Safaricom Ltd Ord 0.05,30,29.4
11/11/2019,Safaricom Ltd Ord 0.05,29.4,29
12/11/2019,Safaricom Ltd Ord 0.05,29,29.3
13/11/2019,Safaricom Ltd Ord 0.05,29.3,29.95
14/11/2019,Safaricom Ltd Ord 0.05,29.95,28.75
15/11/2019,Safaricom Ltd Ord 0.05,28.75,28.55
18/11/2019,Safaricom Ltd Ord 0.05,28.55,28.55
19/11/2019,Safaricom Ltd Ord 0.05,28.55,28.5
21/11/2019,Safaricom Ltd Ord 0.05,28.5,28.45
22/11/2019,Safaricom Ltd Ord 0.05,28.45,28.9
25/11/2019,Safaricom Ltd Ord 0.05,28.9,28.85
26/11/2019,Safaricom Ltd Ord 0.05,28.85,28.9
27/11/2019,Safaricom Ltd Ord 0.05,28.9,28.95
28/11/2019,Safaricom Ltd Ord 0.05,28.95,29.25
29/11/2019,Safaricom Ltd Ord 0.05,29.25,29.4
02/12/2019,Safaricom Ltd Ord 0.05,29.4,29.5
03/12/2019,Safaricom Ltd Ord 0.05,29.5,29.4
04/12/2019,Safaricom Ltd Ord 0.05,29.4,29.45
05/12/2019,Safaricom Ltd Ord 0.05,29.45,30
06/12/2019,Safaricom Ltd Ord 0.05,30,30.1
09/12/2019,Safaricom Ltd Ord 0.05,30.1,30.15
10/12/2019,Safaricom Ltd Ord 0.05,30.15,30.25
11/12/2019,Safaricom Ltd Ord 0.05,30.25,30.3
13/12/2019,Safaricom Ltd Ord 0.05,30.3,30.05
16/12/2019,Safaricom Ltd Ord 0.05,30.05,30
17/12/2019,Safaricom Ltd Ord 0.05,30,30.2
18/12/2019,Safaricom Ltd Ord 0.05,30.2,30.9
19/12/2019,Safaricom Ltd Ord 0.05,30.9,31.3
20/12/2019,Safaricom Ltd Ord 0.05,31.3,31.65
23/12/2019,Safaricom Ltd Ord 0.05,31.65,31.7
24/12/2019,Safaricom Ltd Ord 0.05,31.7,31.45
27/12/2019,Safaricom Ltd Ord 0.05,31.45,31.35
30/12/2019,Safaricom Ltd Ord 0.05,31.35,31.5
31/12/2019,Safaricom Ltd Ord 0.05,31.5,31.3
02/01/2020,Safaricom Ltd Ord 0.05,31.3,31.55
03/01/2020,Safaricom Ltd Ord 0.05,31.55,31.5
06/01/2020,Safaricom Ltd Ord 0.05,31.5,31.85
08/01/2020,Safaricom Ltd Ord 0.05,31.85,32.7
13/01/2020,Safaricom Ltd Ord 0.05,32.7,32
15/01/2020,Safaricom Ltd Ord 0.05,32,32
16/01/2020,Safaricom Ltd Ord 0.05,32,31.5
17/01/2020,Safaricom Ltd Ord 0.05,31.5,31.55
20/01/2020,Safaricom Ltd Ord 0.05,31.55,31.5
22/01/2020,Safaricom Ltd Ord 0.05,31.5,31.55
23/01/2020,Safaricom Ltd Ord 0.05,31.55,31.3
24/01/2020,Safaricom Ltd Ord 0.05,31.3,30.7
27/01/2020,Safaricom Ltd Ord 0.05,30.7,29.95
28/01/2020,Safaricom Ltd Ord 0.05,29.95,30.05
29/01/2020,Safaricom Ltd Ord 0.05,30.05,30.6
30/01/2020,Safaricom Ltd Ord 0.05,30.6,30.45
31/01/2020,Safaricom Ltd Ord 0.05,30.45,30.8
03/02/2020,Safaricom Ltd Ord 0.05,30.8,31.55
05/02/2020,Safaricom Ltd Ord 0.05,31.55,32.8
06/02/2020,Safaricom Ltd Ord 0.05,32.8,32.9
07/02/2020,Safaricom Ltd Ord 0.05,32.9,32.65
10/02/2020,Safaricom Ltd Ord 0.05,32.65,31.5
13/02/2020,Safaricom Ltd Ord 0.05,31.5,31
14/02/2020,Safaricom Ltd Ord 0.05,31,29.95
19/02/2020,Safaricom Ltd Ord 0.05,29.95,29.95
20/02/2020,Safaricom Ltd Ord 0.05,29.95,29.9
21/02/2020,Safaricom Ltd Ord 0.05,29.9,29.9
24/02/2020,Safaricom Ltd Ord 0.05,29.9,29.75
25/02/2020,Safaricom Ltd Ord 0.05,29.75,28.2
26/02/2020,Safaricom Ltd Ord 0.05,28.2,28.1
27/02/2020,Safaricom Ltd Ord 0.05,28.1,27.9
28/02/2020,Safaricom Ltd Ord 0.05,27.9,28.1
02/03/2020,Safaricom Ltd Ord 0.05,28.1,28.85
03/03/2020,Safaricom Ltd Ord 0.05,28.85,29.1
04/03/2020,Safaricom Ltd Ord 0.05,29.1,29.55
05/03/2020,Safaricom Ltd Ord 0.05,29.55,29.5
06/03/2020,Safaricom Ltd Ord 0.05,29.5,27.75
10/03/2020,Safaricom Ltd Ord 0.05,27.75,25.75
12/03/2020,Safaricom Ltd Ord 0.05,25.75,24.35
13/03/2020,Safaricom Ltd Ord 0.05,24.35,24.45
16/03/2020,Safaricom Ltd Ord 0.05,24.45,25.1
17/03/2020,Safaricom Ltd Ord 0.05,25.1,25.35
18/03/2020,Safaricom Ltd Ord 0.05,25.35,25.4
19/03/2020,Safaricom Ltd Ord 0.05,25.4,24.6
23/03/2020,Safaricom Ltd Ord 0.05,24.6,24.45
24/03/2020,Safaricom Ltd Ord 0.05,24.45,24.5
25/03/2020,Safaricom Ltd Ord 0.05,24.5,25.35
27/03/2020,Safaricom Ltd Ord 0.05,25.35,26
30/03/2020,Safaricom Ltd Ord 0.05,26,26.45
31/03/2020,Safaricom Ltd Ord 0.05,26.45,26.9
01/04/2020,Safaricom Ltd Ord 0.05,26.9,28.25
02/04/2020,Safaricom Ltd Ord 0.05,28.25,28.75
03/04/2020,Safaricom Ltd Ord 0.05,28.75,27.55
06/04/2020,Safaricom Ltd Ord 0.05,27.55,26.8
07/04/2020,Safaricom Ltd Ord 0.05,26.8,26.2
08/04/2020,Safaricom Ltd Ord 0.05,26.2,26.35
09/04/2020,Safaricom Ltd Ord 0.05,26.35,27.05
14/04/2020,Safaricom Ltd Ord 0.05,27.05,27.45
15/04/2020,Safaricom Ltd Ord 0.05,27.45,27.4
16/04/2020,Safaricom Ltd Ord 0.05,27.4,28
17/04/2020,Safaricom Ltd Ord 0.05,28,28.5
20/04/2020,Safaricom Ltd Ord 0.05,28.5,28.4
21/04/2020,Safaricom Ltd Ord 0.05,28.4,27.95
22/04/2020,Safaricom Ltd Ord 0.05,27.95,28.2
23/04/2020,Safaricom Ltd Ord 0.05,28.2,27.55
24/04/2020,Safaricom Ltd Ord 0.05,27.55,27.55
27/04/2020,Safaricom Ltd Ord 0.05,27.55,27.7
28/04/2020,Safaricom Ltd Ord 0.05,27.7,29
29/04/2020,Safaricom Ltd Ord 0.05,29,28.5
30/04/2020,Safaricom Ltd Ord 0.05,28.5,29.5
04/05/2020,Safaricom Ltd Ord 0.05,29.5,29.95
05/05/2020,Safaricom Ltd Ord 0.05,29.95,30.45
06/05/2020,Safaricom Ltd Ord 0.05,30.45,28.9
07/05/2020,Safaricom Ltd Ord 0.05,28.9,28.35
08/05/2020,Safaricom Ltd Ord 0.05,28.35,28.3
11/05/2020,Safaricom Ltd Ord 0.05,28.3,28
12/05/2020,Safaricom Ltd Ord 0.05,28,27.8
13/05/2020,Safaricom Ltd Ord 0.05,27.8,27.1
14/05/2020,Safaricom Ltd Ord 0.05,27.1,27.65
15/05/2020,Safaricom Ltd Ord 0.05,27.65,28.9
18/05/2020,Safaricom Ltd Ord 0.05,28.9,29.2
19/05/2020,Safaricom Ltd Ord 0.05,29.2,29
20/05/2020,Safaricom Ltd Ord 0.05,29,28.8
21/05/2020,Safaricom Ltd Ord 0.05,28.8,29.35
22/05/2020,Safaricom Ltd Ord 0.05,29.35,29
26/05/2020,Safaricom Ltd Ord 0.05,29,28.65
27/05/2020,Safaricom Ltd Ord 0.05,28.65,28.05
28/05/2020,Safaricom Ltd Ord 0.05,28.05,28.55
29/05/2020,Safaricom Ltd Ord 0.05,28.55,28.75
02/06/2020,Safaricom Ltd Ord 0.05,28.75,29.1
03/06/2020,Safaricom Ltd Ord 0.05,29.1,29.6
04/06/2020,Safaricom Ltd Ord 0.05,29.6,29.5
05/06/2020,Safaricom Ltd Ord 0.05,29.5,29.9
08/06/2020,Safaricom Ltd Ord 0.05,29.9,29.65
09/06/2020,Safaricom Ltd Ord 0.05,29.65,29.95
10/06/2020,Safaricom Ltd Ord 0.05,29.95,30.45
11/06/2020,Safaricom Ltd Ord 0.05,30.45,30.45
12/06/2020,Safaricom Ltd Ord 0.05,30.45,30.45
15/06/2020,Safaricom Ltd Ord 0.05,30.45,30.95
16/06/2020,Safaricom Ltd Ord 0.05,30.95,30.95
17/06/2020,Safaricom Ltd Ord 0.05,30.95,30.95
18/06/2020,Safaricom Ltd Ord 0.05,30.95,30.9
19/06/2020,Safaricom Ltd Ord 0.05,30.9,30.2
22/06/2020,Safaricom Ltd Ord 0.05,30.2,29.45
23/06/2020,Safaricom Ltd Ord 0.05,29.45,28.65
24/06/2020,Safaricom Ltd Ord 0.05,28.65,28.3
25/06/2020,Safaricom Ltd Ord 0.05,28.3,28.5
26/06/2020,Safaricom Ltd Ord 0.05,28.5,28.9
29/06/2020,Safaricom Ltd Ord 0.05,28.9,28.65
30/06/2020,Safaricom Ltd Ord 0.05,28.65,28.7
01/07/2020,Safaricom Ltd Ord 0.05,28.7,29.65
03/07/2020,Safaricom Ltd Ord 0.05,29.65,29.1
06/07/2020,Safaricom Ltd Ord 0.05,29.1,28.1
07/07/2020,Safaricom Ltd Ord 0.05,28.1,28
08/07/2020,Safaricom Ltd Ord 0.05,28,27.5
09/07/2020,Safaricom Ltd Ord 0.05,27.5,27.5
10/07/2020,Safaricom Ltd Ord 0.05,27.5,27.5
13/07/2020,Safaricom Ltd Ord 0.05,27.5,26.95
14/07/2020,Safaricom Ltd Ord 0.05,26.95,26.95
15/07/2020,Safaricom Ltd Ord 0.05,26.95,27
16/07/2020,Safaricom Ltd Ord 0.05,27,27
17/07/2020,Safaricom Ltd Ord 0.05,27,27
20/07/2020,Safaricom Ltd Ord 0.05,27,26.7
21/07/2020,Safaricom Ltd Ord 0.05,26.7,26.85
22/07/2020,Safaricom Ltd Ord 0.05,26.85,27.5
23/07/2020,Safaricom Ltd Ord 0.05,27.5,28.1
24/07/2020,Safaricom Ltd Ord 0.05,28.1,29.35
27/07/2020,Safaricom Ltd Ord 0.05,29.35,28.3
28/07/2020,Safaricom Ltd Ord 0.05,28.3,28.3
29/07/2020,Safaricom Ltd Ord 0.05,28.3,28.15
30/07/2020,Safaricom Ltd Ord 0.05,28.15,26.85
03/08/2020,Safaricom Ltd Ord 0.05,26.85,26.4
04/08/2020,Safaricom Ltd Ord 0.05,26.4,26.15
05/08/2020,Safaricom Ltd Ord 0.05,26.15,27.4
06/08/2020,Safaricom Ltd Ord 0.05,27.4,27.7
07/08/2020,Safaricom Ltd Ord 0.05,27.7,27.5
11/08/2020,Safaricom Ltd Ord 0.05,27.5,27.95
12/08/2020,Safaricom Ltd Ord 0.05,27.95,27.85
13/08/2020,Safaricom Ltd Ord 0.05,27.85,27.7
14/08/2020,Safaricom Ltd Ord 0.05,27.7,28.4
17/08/2020,Safaricom Ltd Ord 0.05,28.4,28
18/08/2020,Safaricom Ltd Ord 0.05,28,28
19/08/2020,Safaricom Ltd Ord 0.05,28,28.05
20/08/2020,Safaricom Ltd Ord 0.05,28.05,28.2
21/08/2020,Safaricom Ltd Ord 0.05,28.2,28.2
24/08/2020,Safaricom Ltd Ord 0.05,28.2,28.65
25/08/2020,Safaricom Ltd Ord 0.05,28.65,29
26/08/2020,Safaricom Ltd Ord 0.05,29,29.45
27/08/2020,Safaricom Ltd Ord 0.05,29.45,29.85
28/08/2020,Safaricom Ltd Ord 0.05,29.85,29.9
31/08/2020,Safaricom Ltd Ord 0.05,29.9,29.9
01/09/2020,Safaricom Ltd Ord 0.05,29.9,30.05
03/09/2020,Safaricom Ltd Ord 0.05,30.05,29.6
04/09/2020,Safaricom Ltd Ord 0.05,29.6,29.05
07/09/2020,Safaricom Ltd Ord 0.05,29.05,29
08/09/2020,Safaricom Ltd Ord 0.05,29,29.05
09/09/2020,Safaricom Ltd Ord 0.05,29.05,29.95
10/09/2020,Safaricom Ltd Ord 0.05,29.95,30.05
11/09/2020,Safaricom Ltd Ord 0.05,30.05,29.95
14/09/2020,Safaricom Ltd Ord 0.05,29.95,30.15
15/09/2020,Safaricom Ltd Ord 0.05,30.15,30.1
16/09/2020,Safaricom Ltd Ord 0.05,30.1,30
17/09/2020,Safaricom Ltd Ord 0.05,30,30
18/09/2020,Safaricom Ltd Ord 0.05,30,29.9
21/09/2020,Safaricom Ltd Ord 0.05,29.9,30.05
22/09/2020,Safaricom Ltd Ord 0.05,30.05,30
23/09/2020,Safaricom Ltd Ord 0.05,30,30
24/09/2020,Safaricom Ltd Ord 0.05,30,30.05
25/09/2020,Safaricom Ltd Ord 0.05,30.05,29.8
28/09/2020,Safaricom Ltd Ord 0.05,29.8,29.8
29/09/2020,Safaricom Ltd Ord 0.05,29.8,29.7
30/09/2020,Safaricom Ltd Ord 0.05,29.7,30
02/10/2020,Safaricom Ltd Ord 0.05,30,30
05/10/2020,Safaricom Ltd Ord 0.05,30,29.95
06/10/2020,Safaricom Ltd Ord 0.05,29.95,30.5
07/10/2020,Safaricom Ltd Ord 0.05,30.5,30.05
08/10/2020,Safaricom Ltd Ord 0.05,30.05,30.1
09/10/2020,Safaricom Ltd Ord 0.05,30.1,30.05
12/10/2020,Safaricom Ltd Ord 0.05,30.05,30.15
13/10/2020,Safaricom Ltd Ord 0.05,30.15,30.1
14/10/2020,Safaricom Ltd Ord 0.05,30.1,30.05
15/10/2020,Safaricom Ltd Ord 0.05,30.05,30.1
16/10/2020,Safaricom Ltd Ord 0.05,30.1,30.1
19/10/2020,Safaricom Ltd Ord 0.05,30.1,30.25
21/10/2020,Safaricom Ltd Ord 0.05,30.25,30.65
22/10/2020,Safaricom Ltd Ord 0.05,30.65,30.95
23/10/2020,Safaricom Ltd Ord 0.05,30.95,30.5
26/10/2020,Safaricom Ltd Ord 0.05,30.5,30.6
27/10/2020,Safaricom Ltd Ord 0.05,30.6,30.6
28/10/2020,Safaricom Ltd Ord 0.05,30.6,30.5
29/10/2020,Safaricom Ltd Ord 0.05,30.5,30.85
30/10/2020,Safaricom Ltd Ord 0.05,30.85,31.25
02/11/2020,Safaricom Ltd Ord 0.05,31.25,31.25
03/11/2020,Safaricom Ltd Ord 0.05,31.25,31.15
04/11/2020,Safaricom Ltd Ord 0.05,31.15,31.25
05/11/2020,Safaricom Ltd Ord 0.05,31.25,31.3
06/11/2020,Safaricom Ltd Ord 0.05,31.3,30.75
09/11/2020,Safaricom Ltd Ord 0.05,30.75,30.95
10/11/2020,Safaricom Ltd Ord 0.05,30.95,31.8
11/11/2020,Safaricom Ltd Ord 0.05,31.8,31.8
13/11/2020,Safaricom Ltd Ord 0.05,31.8,32.1
16/11/2020,Safaricom Ltd Ord 0.05,32.1,32.05
17/11/2020,Safaricom Ltd Ord 0.05,32.05,31.95
18/11/2020,Safaricom Ltd Ord 0.05,31.95,31.45
19/11/2020,Safaricom Ltd Ord 0.05,31.45,32
20/11/2020,Safaricom Ltd Ord 0.05,32,32
23/11/2020,Safaricom Ltd Ord 0.05,32,31.7
24/11/2020,Safaricom Ltd Ord 0.05,31.7,32
25/11/2020,Safaricom Ltd Ord 0.05,32,32
26/11/2020,Safaricom Ltd Ord 0.05,32,31.9
27/11/2020,Safaricom Ltd Ord 0.05,31.9,32.7
30/11/2020,Safaricom Ltd Ord 0.05,32.7,32.3
01/12/2020,Safaricom Ltd Ord 0.05,32.3,32.95
02/12/2020,Safaricom Ltd Ord 0.05,32.95,33
03/12/2020,Safaricom Ltd Ord 0.05,33,33.5
04/12/2020,Safaricom Ltd Ord 0.05,33.5,33
07/12/2020,Safaricom Ltd Ord 0.05,33,33
08/12/2020,Safaricom Ltd Ord 0.05,33,32.95
09/12/2020,Safaricom Ltd Ord 0.05,32.95,32.65
10/12/2020,Safaricom Ltd Ord 0.05,32.65,32.95
11/12/2020,Safaricom Ltd Ord 0.05,32.95,33.15
14/12/2020,Safaricom Ltd Ord 0.05,33.15,33.05
15/12/2020,Safaricom Ltd Ord 0.05,33.05,32.8
16/12/2020,Safaricom Ltd Ord 0.05,32.8,32.9
17/12/2020,Safaricom Ltd Ord 0.05,32.9,33.55
18/12/2020,Safaricom Ltd Ord 0.05,33.55,33.85
22/12/2020,Safaricom Ltd Ord 0.05,33.85,34
24/12/2020,Safaricom Ltd Ord 0.05,34,34.1
28/12/2020,Safaricom Ltd Ord 0.05,34.1,34.25
31/12/2020,Safaricom Ltd Ord 0.05,34.25,0
